event_count,pattern,repetition,blockchain_latency_ms,postgres_latency_ms,mongo_latency_ms,result_count
100,by_subject,0,29.979705810546875,6.009817123413086,2.178192138671875,1
100,by_subject,1,8.691549301147461,1.1327266693115234,2.054452896118164,1
100,by_subject,2,13.878822326660156,0.9605884552001953,1.3942718505859375,1
100,by_subject,3,7.234096527099609,1.0190010070800781,1.3256072998046875,1
100,by_subject,4,7.976293563842773,1.005411148071289,1.4624595642089844,1
100,by_subject,5,9.45425033569336,0.8883476257324219,1.4433860778808594,1
100,by_subject,6,9.69696044921875,0.8144378662109375,1.2717247009277344,1
100,by_subject,7,6.901979446411133,1.1067390441894531,1.8453598022460938,1
100,by_subject,8,8.776426315307617,0.8511543273925781,1.466989517211914,1
100,by_subject,9,11.215686798095703,0.865936279296875,1.6164779663085938,1
100,by_resource,0,6.35528564453125,0.86212158203125,1.3332366943359375,1
100,by_resource,1,11.938810348510742,0.9982585906982422,1.722574234008789,1
100,by_resource,2,8.928298950195312,0.858306884765625,1.3573169708251953,1
100,by_resource,3,11.563539505004883,0.8525848388671875,1.9538402557373047,1
100,by_resource,4,9.131669998168945,0.7996559143066406,1.1587142944335938,1
100,by_resource,5,6.797075271606445,1.583099365234375,1.8689632415771484,1
100,by_resource,6,8.571624755859375,0.8280277252197266,1.3394355773925781,1
100,by_resource,7,9.146451950073242,0.8890628814697266,1.6121864318847656,1
100,by_resource,8,15.47098159790039,1.0497570037841797,1.4927387237548828,1
100,by_resource,9,7.292747497558594,0.9911060333251953,1.6679763793945312,1
100,time_range,0,106.14848136901855,1.2612342834472656,1.5265941619873047,23
100,time_range,1,109.42578315734863,1.0833740234375,1.7104148864746094,23
100,time_range,2,180.2980899810791,1.3532638549804688,1.861572265625,23
100,time_range,3,124.51052665710449,1.3725757598876953,1.7504692077636719,23
100,time_range,4,148.5433578491211,1.055002212524414,1.4638900756835938,23
100,time_range,5,165.26126861572266,1.2798309326171875,1.5411376953125,23
100,time_range,6,127.57349014282227,1.4431476593017578,1.888275146484375,23
100,time_range,7,112.35690116882324,0.8845329284667969,1.6145706176757812,23
100,time_range,8,119.48490142822266,1.325368881225586,1.589059829711914,23
100,time_range,9,178.59959602355957,1.1453628540039062,1.5411376953125,23
100,all_denials,0,108.43300819396973,0.9219646453857422,2.1545886993408203,20
100,all_denials,1,104.14719581604004,0.9469985961914062,1.4102458953857422,20
100,all_denials,2,117.6760196685791,0.9708404541015625,1.592397689819336,20
100,all_denials,3,143.37515830993652,0.7977485656738281,1.6100406646728516,20
100,all_denials,4,121.3524341583252,1.2063980102539062,2.0072460174560547,20
100,all_denials,5,105.97062110900879,1.1391639709472656,2.0987987518310547,20
100,all_denials,6,101.08661651611328,0.9801387786865234,1.7666816711425781,20
100,all_denials,7,114.92133140563965,1.8208026885986328,1.8379688262939453,20
100,all_denials,8,102.04720497131348,0.8559226989746094,1.622915267944336,20
100,all_denials,9,129.55617904663086,0.9210109710693359,1.5916824340820312,20
1000,by_subject,0,9.149312973022461,6.056070327758789,1.9025802612304688,3
1000,by_subject,1,15.41280746459961,1.0178089141845703,1.3566017150878906,3
1000,by_subject,2,11.172056198120117,1.4255046844482422,1.9338130950927734,3
1000,by_subject,3,9.51242446899414,0.9415149688720703,1.3649463653564453,3
1000,by_subject,4,17.788410186767578,1.3539791107177734,1.6748905181884766,3
1000,by_subject,5,18.22495460510254,1.1000633239746094,1.7652511596679688,3
1000,by_subject,6,15.301942825317383,1.8088817596435547,1.779317855834961,3
1000,by_subject,7,18.659353256225586,0.8525848388671875,1.4464855194091797,3
1000,by_subject,8,7.470846176147461,1.2364387512207031,1.6210079193115234,3
1000,by_subject,9,12.556314468383789,1.0116100311279297,1.3914108276367188,3
1000,by_resource,0,16.605854034423828,1.2407302856445312,1.462697982788086,3
1000,by_resource,1,7.688999176025391,1.4595985412597656,5.399465560913086,3
1000,by_resource,2,16.102313995361328,0.9372234344482422,2.187013626098633,3
1000,by_resource,3,10.06174087524414,0.93841552734375,1.8205642700195312,3
1000,by_resource,4,11.030912399291992,1.0309219360351562,2.8815269470214844,3
1000,by_resource,5,13.093233108520508,8.74018669128418,1.8951892852783203,3
1000,by_resource,6,8.335590362548828,4.438161849975586,1.5137195587158203,3
1000,by_resource,7,12.150287628173828,1.123666763305664,1.5408992767333984,3
1000,by_resource,8,16.852378845214844,0.91552734375,1.7480850219726562,3
1000,by_resource,9,15.439510345458984,1.280069351196289,2.0639896392822266,3
1000,time_range,0,1328.8545608520508,2.9561519622802734,7.877111434936523,260
1000,time_range,1,2199.1615295410156,5.953311920166016,13.190269470214844,260
1000,time_range,2,1281.2280654907227,2.7904510498046875,13.727426528930664,260
1000,time_range,3,799.067497253418,2.513408660888672,5.047082901000977,260
1000,time_range,4,1156.489610671997,2.5212764739990234,5.370616912841797,260
1000,time_range,5,2377.2737979888916,2.2470951080322266,5.336284637451172,260
1000,time_range,6,2103.8835048675537,2.596139907836914,21.83389663696289,260
1000,time_range,7,940.3960704803467,3.6919116973876953,20.103931427001953,260
1000,time_range,8,757.866621017456,2.0372867584228516,5.192279815673828,260
1000,time_range,9,1038.5899543762207,2.537965774536133,5.458831787109375,260
1000,all_denials,0,1097.3899364471436,5.177736282348633,10.227441787719727,219
1000,all_denials,1,551.3777732849121,4.6863555908203125,3.9572715759277344,219
1000,all_denials,2,618.786096572876,2.003908157348633,4.7206878662109375,219
1000,all_denials,3,582.3144912719727,2.0630359649658203,4.756927490234375,219
1000,all_denials,4,638.1344795227051,1.4803409576416016,4.917144775390625,219
1000,all_denials,5,532.0017337799072,1.626729965209961,3.2396316528320312,219
1000,all_denials,6,528.0826091766357,1.895904541015625,3.5398006439208984,219
1000,all_denials,7,570.6489086151123,1.3680458068847656,3.0868053436279297,219
1000,all_denials,8,666.9290065765381,4.771947860717773,5.161285400390625,219
1000,all_denials,9,550.4167079925537,2.1333694458007812,2.908468246459961,219
5000,by_subject,0,11.998176574707031,7.132768630981445,4.225730895996094,40
5000,by_subject,1,11.154413223266602,3.2057762145996094,1.939535140991211,40
5000,by_subject,2,12.04371452331543,1.1916160583496094,2.287149429321289,40
5000,by_subject,3,21.36063575744629,1.4469623565673828,2.2385120391845703,40
5000,by_subject,4,15.166521072387695,1.1782646179199219,2.143383026123047,40
5000,by_subject,5,13.14854621887207,1.209259033203125,2.126455307006836,40
5000,by_subject,6,13.52548599243164,1.6520023345947266,2.051115036010742,40
5000,by_subject,7,18.28765869140625,1.6047954559326172,2.827882766723633,40
5000,by_subject,8,11.914253234863281,3.002643585205078,2.063751220703125,40
5000,by_subject,9,13.595104217529297,4.262208938598633,1.9066333770751953,40
5000,by_resource,0,13.985872268676758,1.1038780212402344,1.7185211181640625,12
5000,by_resource,1,11.417865753173828,1.0709762573242188,1.6977787017822266,12
5000,by_resource,2,9.980440139770508,2.146005630493164,1.6663074493408203,12
5000,by_resource,3,16.84856414794922,1.1475086212158203,1.7039775848388672,12
5000,by_resource,4,14.618158340454102,2.390623092651367,2.1820068359375,12
5000,by_resource,5,16.078710556030273,2.7191638946533203,2.7937889099121094,12
5000,by_resource,6,15.520811080932617,9.626150131225586,6.232976913452148,12
5000,by_resource,7,18.98813247680664,1.146078109741211,1.7826557159423828,12
5000,by_resource,8,15.609979629516602,1.1773109436035156,1.9502639770507812,12
5000,by_resource,9,27.06599235534668,1.6791820526123047,1.7697811126708984,12
5000,time_range,0,899.5673656463623,9.555339813232422,32.11355209350586,1215
5000,time_range,1,533.8478088378906,5.2051544189453125,8.857488632202148,1215
5000,time_range,2,574.9456882476807,6.897687911987305,16.059398651123047,1215
5000,time_range,3,594.3140983581543,6.308078765869141,12.424468994140625,1215
5000,time_range,4,682.4600696563721,7.056474685668945,11.971235275268555,1215
5000,time_range,5,766.9885158538818,7.559299468994141,8.580207824707031,1215
5000,time_range,6,752.0220279693604,5.909442901611328,9.977102279663086,1215
5000,time_range,7,601.8495559692383,6.1206817626953125,11.998653411865234,1215
5000,time_range,8,603.7929058074951,6.337642669677734,9.21773910522461,1215
5000,time_range,9,604.7413349151611,4.768133163452148,10.448455810546875,1215
5000,all_denials,0,531.5253734588623,4.820346832275391,8.374452590942383,1018
5000,all_denials,1,599.6427536010742,4.055023193359375,8.78143310546875,1018
5000,all_denials,2,558.6202144622803,6.075620651245117,10.648488998413086,1018
5000,all_denials,3,844.6705341339111,7.072687149047852,7.119655609130859,1018
5000,all_denials,4,776.146650314331,5.3806304931640625,16.145944595336914,1018
5000,all_denials,5,1549.3221282958984,5.94639778137207,62.50619888305664,1018
5000,all_denials,6,1633.0444812774658,6.183624267578125,13.380289077758789,1018
5000,all_denials,7,1206.7005634307861,6.249427795410156,11.248111724853516,1018
5000,all_denials,8,582.103967666626,5.936861038208008,16.717195510864258,1018
5000,all_denials,9,671.5130805969238,7.019996643066406,8.701086044311523,1018
10000,by_subject,0,16.75724983215332,4.3792724609375,2.0923614501953125,53
10000,by_subject,1,14.766216278076172,1.8122196197509766,1.7940998077392578,53
10000,by_subject,2,14.319896697998047,1.0869503021240234,1.9617080688476562,53
10000,by_subject,3,14.43338394165039,2.120494842529297,1.972198486328125,53
10000,by_subject,4,11.840581893920898,1.1708736419677734,3.1142234802246094,53
10000,by_subject,5,14.197826385498047,1.554250717163086,2.022981643676758,53
10000,by_subject,6,13.065814971923828,1.1174678802490234,1.6100406646728516,53
10000,by_subject,7,13.831377029418945,1.0957717895507812,1.520395278930664,53
10000,by_subject,8,14.172792434692383,1.0991096496582031,1.7592906951904297,53
10000,by_subject,9,10.699272155761719,1.2753009796142578,1.6324520111083984,53
10000,by_resource,0,8.273601531982422,1.4345645904541016,1.8880367279052734,8
10000,by_resource,1,6.716012954711914,1.0666847229003906,1.9047260284423828,8
10000,by_resource,2,9.451627731323242,1.0457038879394531,1.474142074584961,8
10000,by_resource,3,6.749629974365234,0.9875297546386719,1.4486312866210938,8
10000,by_resource,4,10.569095611572266,0.835418701171875,1.6834735870361328,8
10000,by_resource,5,6.141185760498047,1.081705093383789,1.4679431915283203,8
10000,by_resource,6,8.816957473754883,1.0688304901123047,1.5516281127929688,8
10000,by_resource,7,6.427288055419922,0.9789466857910156,1.8465518951416016,8
10000,by_resource,8,9.031534194946289,1.0237693786621094,1.871347427368164,8
10000,by_resource,9,6.719350814819336,1.0251998901367188,1.4204978942871094,8
10000,time_range,0,566.50710105896,15.56396484375,23.51546287536621,2462
10000,time_range,1,734.1601848602295,9.582042694091797,20.981788635253906,2462
10000,time_range,2,543.8449382781982,10.959148406982422,16.420602798461914,2462
10000,time_range,3,644.2749500274658,12.270927429199219,19.02627944946289,2462
10000,time_range,4,554.7573566436768,11.127233505249023,18.425941467285156,2462
10000,time_range,5,583.9972496032715,9.675025939941406,18.856287002563477,2462
10000,time_range,6,558.781623840332,15.17176628112793,17.597198486328125,2462
10000,time_range,7,571.7930793762207,10.273933410644531,62.71529197692871,2462
10000,time_range,8,593.3535099029541,13.933897018432617,25.762081146240234,2462
10000,time_range,9,665.3873920440674,11.693000793457031,32.877445220947266,2462
10000,all_denials,0,572.8120803833008,19.70982551574707,24.67656135559082,1996
10000,all_denials,1,635.408878326416,17.862796783447266,25.922060012817383,1996
10000,all_denials,2,561.5296363830566,17.137765884399414,21.139860153198242,1996
10000,all_denials,3,1336.6682529449463,21.593332290649414,22.1560001373291,1996
10000,all_denials,4,2080.0118446350098,10.891914367675781,67.90852546691895,1996
10000,all_denials,5,1142.432689666748,16.299009323120117,39.95013236999512,1996
10000,all_denials,6,565.5150413513184,10.936737060546875,15.172958374023438,1996
10000,all_denials,7,606.3728332519531,10.615110397338867,15.53964614868164,1996
10000,all_denials,8,578.0248641967773,15.708446502685547,15.135049819946289,1996
10000,all_denials,9,523.8115787506104,11.723518371582031,12.649059295654297,1996
