worker,start_time_iso,latency_ms,status,allowed,subject_address,subject_role,resource_id,resource_type,resource_sensitivity,action,error
w9,2026-03-26T02:26:36.241558Z,132.840,403,False,0xF92d6f9F9322A08d7548d2be3FFFfa7E9307bfF7,POLICE,332,IMAGE,2,READ,
w5,2026-03-26T02:26:36.230352Z,144.936,403,False,0x6aFB84B7d3D55C3019fC8120397eabD8507b6877,GARAGE,900,OTHER,1,READ,
w1,2026-03-26T02:26:36.229024Z,147.236,403,False,0xe740840314f9ce0a5F0dB4619861b2B85A08f007,INSURER,970,OTHER,1,READ,
w6,2026-03-26T02:26:36.231030Z,146.360,403,False,0xfC435D0E00Ae6D11E5Bb3A9cd461B915Edc17F59,REGULATOR,992,OTHER,1,READ,
w4,2026-03-26T02:26:36.230036Z,148.567,403,False,0x49825196030134F6349A45D6c576684792207592,INSURER,600,MEDICAL_REPORT,5,READ,
w7,2026-03-26T02:26:36.231369Z,148.017,403,False,0xe028327896d2bb4705C2134380bDB1E038DdF2Fc,REGULATOR,616,FNOL,4,READ,
w2,2026-03-26T02:26:36.229522Z,161.523,403,False,0x763BeD60093Bc3ad989d0E71724B8a30f6629Bf2,ADJUSTER,288,IMAGE,2,READ,
w8,2026-03-26T02:26:36.231616Z,162.817,403,False,0x8d1A0bE126b91823D8E5E215116c9351922277f7,INSURER,776,TELEMATICS,3,READ,
w3,2026-03-26T02:26:36.229820Z,165.257,403,False,0xE2694287D484e8aE315B0F637DD87846ff5d7AdB,COURT,374,IMAGE,2,READ,
w0,2026-03-26T02:26:36.219700Z,175.893,403,False,0x9A79C72a6b8A1a6F62B7D42810fA4D7d292395BC,POLICE,892,OTHER,1,READ,
w9,2026-03-26T02:26:36.374434Z,103.249,403,False,0x81D5Aec6843c63328EB7A8D21A676abe6c3EB28b,COURT,407,IMAGE,2,READ,
w1,2026-03-26T02:26:36.376289Z,102.048,403,False,0x2E3A06358fFBF425bdBFB9D46d36F4C62cB2C752,ADJUSTER,372,IMAGE,2,READ,
w6,2026-03-26T02:26:36.377444Z,101.321,403,False,0x86A27669Dc5B6bA6693B7eBf3cF194eB8C1Ba6a1,INSURER,940,OTHER,1,READ,
w8,2026-03-26T02:26:36.394475Z,139.197,403,False,0x711f9Ba03b219CFED557d6c4077c783BdfBEC307,COURT,286,IMAGE,2,READ,
w3,2026-03-26T02:26:36.395099Z,140.498,403,False,0x4a28FD82865D1625ce719BbE1501981DBEb8775F,ADJUSTER,538,FNOL,4,READ,
w0,2026-03-26T02:26:36.395614Z,144.721,403,False,0xA540c09f6c140651CA79CFFa797D92DF979aE483,ADJUSTER,583,FNOL,4,READ,
w5,2026-03-26T02:26:36.375314Z,187.758,200,True,0x074bE6382e1bAD6f8957dEED880345Efc1bDC58C,POLICE,230,VIDEO,2,READ,
w4,2026-03-26T02:26:36.378635Z,189.408,200,True,0x828c0FD3Ed54b03A52e62470aF331e95A50BCf09,POLICE,222,VIDEO,2,READ,
w9,2026-03-26T02:26:36.477705Z,91.076,403,False,0x62aEE2Fd1DE1f438B8c33F5C551d94d6cbD55160,POLICE,820,TELEMATICS,3,READ,
w6,2026-03-26T02:26:36.478802Z,90.491,403,False,0xfC435D0E00Ae6D11E5Bb3A9cd461B915Edc17F59,REGULATOR,525,MEDICAL_REPORT,5,READ,
w7,2026-03-26T02:26:36.379408Z,248.753,200,True,0x4a28FD82865D1625ce719BbE1501981DBEb8775F,ADJUSTER,261,IMAGE,2,READ,
w2,2026-03-26T02:26:36.391074Z,237.731,200,True,0x99F976CEeE5D5d44F2838f3c8d7c188f183c11E8,COURT,76,VIDEO,2,READ,
w3,2026-03-26T02:26:36.535622Z,93.702,403,False,0x36599004C3aC0Aa715a49186455E90556EA805cE,GARAGE,559,MEDICAL_REPORT,5,READ,
w1,2026-03-26T02:26:36.478359Z,169.991,200,True,0x5dBb83D0d96c168133412CC6e93a25a61Bfb8599,INSURER,54,VIDEO,2,READ,
w4,2026-03-26T02:26:36.568066Z,122.248,403,False,0x034E07D329FcA8aC6b776699af54687288A7fe3E,ADJUSTER,364,IMAGE,2,READ,
w9,2026-03-26T02:26:36.568801Z,122.092,403,False,0x978CFCe76672e2C96DbfF5705fe29901d2A624d2,ADJUSTER,793,TELEMATICS,3,READ,
w6,2026-03-26T02:26:36.569313Z,122.791,403,False,0xD45c19e5e5E1f56DFD5EF10a0DBdBeE64Bb94C5E,POLICE,308,IMAGE,2,READ,
w8,2026-03-26T02:26:36.533697Z,177.090,200,True,0x2681A1fbf737DE9BE4B8ac0DEDe2f71fB64E2284,INSURER,105,VIDEO,2,READ,
w7,2026-03-26T02:26:36.628185Z,88.925,403,False,0x995408770BbdF9C720d131bCfa0bE248c90fA29f,COURT,390,IMAGE,2,READ,
w2,2026-03-26T02:26:36.628831Z,88.862,403,False,0xfC435D0E00Ae6D11E5Bb3A9cd461B915Edc17F59,REGULATOR,565,MEDICAL_REPORT,5,READ,
w0,2026-03-26T02:26:36.540358Z,182.199,200,True,0xA0706EA97613c48c8Ee8A39218259d61Ae5A25c1,INSURER,86,VIDEO,2,READ,
w1,2026-03-26T02:26:36.648382Z,74.858,403,False,0xfbffdfBb61e2B0aCC9065D4c9940fAdB3c5Bb4DE,INSURER,738,TELEMATICS,3,READ,
w5,2026-03-26T02:26:36.563101Z,230.394,200,True,0xA903578836c1E60A93BAd29357D9962aBd7aE0E7,GARAGE,4,VIDEO,2,READ,
w4,2026-03-26T02:26:36.690335Z,103.898,403,False,0xE2694287D484e8aE315B0F637DD87846ff5d7AdB,COURT,421,IMAGE,2,READ,
w9,2026-03-26T02:26:36.690914Z,103.832,403,False,0xfC435D0E00Ae6D11E5Bb3A9cd461B915Edc17F59,REGULATOR,445,IMAGE,2,READ,
w3,2026-03-26T02:26:36.629364Z,169.259,200,True,0x3391d15CCe51D9F0a877840266E4784c3b30dF24,POLICE,150,VIDEO,2,READ,
w8,2026-03-26T02:26:36.710809Z,121.467,403,False,0xa7eF2a6f2A3eb7A7472DAD889d17dEa48faBca1a,INSURER,924,OTHER,1,READ,
w7,2026-03-26T02:26:36.717144Z,115.927,403,False,0xcB1049e81CC805FeD8B469418aAd2A2A5fCc652A,INSURER,918,OTHER,1,READ,
w2,2026-03-26T02:26:36.717716Z,115.977,403,False,0xAd32d7cB99dFce02DE8A0033cC5fea1262c9840C,INSURER,956,OTHER,1,READ,
w0,2026-03-26T02:26:36.722578Z,111.747,403,False,0x0D7022eA8E23540fb4DCD302f796E37E70C4ee18,ADJUSTER,371,IMAGE,2,READ,
w1,2026-03-26T02:26:36.723265Z,111.796,403,False,0x034E07D329FcA8aC6b776699af54687288A7fe3E,ADJUSTER,743,TELEMATICS,3,READ,
w6,2026-03-26T02:26:36.692126Z,183.999,200,True,0x6B44eD6B1692CB06047271f02833671D89f1a4E7,INSURER,252,IMAGE,2,READ,
w5,2026-03-26T02:26:36.793541Z,83.793,403,False,0x86A27669Dc5B6bA6693B7eBf3cF194eB8C1Ba6a1,INSURER,762,TELEMATICS,3,READ,
w9,2026-03-26T02:26:36.794768Z,83.166,403,False,0x2c8aC86D2D94fC757C38B3E3895F90aa32E7594D,INSURER,888,OTHER,1,READ,
w3,2026-03-26T02:26:36.798646Z,80.378,403,False,0xA903578836c1E60A93BAd29357D9962aBd7aE0E7,GARAGE,813,TELEMATICS,3,READ,
w8,2026-03-26T02:26:36.832301Z,97.930,403,False,0x724d89D8ad84494De12a74615cd5bFFEf3eA18aA,ADJUSTER,626,FNOL,4,READ,
w2,2026-03-26T02:26:36.833715Z,97.192,403,False,0x98347d3bFE3F67dc6ee387CF9C8DE40578347681,ADJUSTER,580,FNOL,4,READ,
w1,2026-03-26T02:26:36.835085Z,97.169,403,False,0x7e44eb68D57cA35191576B6498CAC17b47001a2b,INSURER,601,MEDICAL_REPORT,5,READ,
w4,2026-03-26T02:26:36.794257Z,183.952,200,True,0x98347d3bFE3F67dc6ee387CF9C8DE40578347681,ADJUSTER,65,VIDEO,2,READ,
w6,2026-03-26T02:26:36.876152Z,102.954,403,False,0xFc3a53f3055e68a2D5fE4aF7E5B5cF92e63F17e7,INSURER,278,IMAGE,2,READ,
w3,2026-03-26T02:26:36.879049Z,100.769,403,False,0xe4Ff9366F4FF38f071D95aA48d3DB306E70De577,POLICE,535,MEDICAL_REPORT,5,READ,
w7,2026-03-26T02:26:36.833099Z,187.887,200,True,0x9f37E319F5290Da8b5C5Cb33369dc41B4E185AB5,ADJUSTER,138,VIDEO,2,READ,
w0,2026-03-26T02:26:36.834347Z,187.372,200,True,0x86A27669Dc5B6bA6693B7eBf3cF194eB8C1Ba6a1,INSURER,66,VIDEO,2,READ,
w8,2026-03-26T02:26:36.930254Z,92.275,403,False,0xe028327896d2bb4705C2134380bDB1E038DdF2Fc,REGULATOR,385,IMAGE,2,READ,
w2,2026-03-26T02:26:36.930928Z,92.158,403,False,0xfaB598AD02177fA240d67eae46e2BBf26ba64810,ADJUSTER,637,MEDICAL_REPORT,5,READ,
w1,2026-03-26T02:26:36.932276Z,91.289,403,False,0xC0B54dC53B9A14ad6199dbB75383AcEe7B50414B,ADJUSTER,275,IMAGE,2,READ,
w5,2026-03-26T02:26:36.877388Z,179.338,200,True,0x7693A9f87027932864A045F6Ed756AA65fdeEc1c,INSURER,56,VIDEO,2,READ,
w9,2026-03-26T02:26:36.877958Z,179.937,200,True,0x907C18fd7B2D156904bC5c25dD4542B69dfe6d54,ADJUSTER,251,IMAGE,2,READ,
w4,2026-03-26T02:26:36.978243Z,80.225,403,False,0x83e68Cac649872ca6135aDfEF9A944bbF908ef66,GARAGE,949,OTHER,1,READ,
w6,2026-03-26T02:26:36.979126Z,79.957,403,False,0x8d1A0bE126b91823D8E5E215116c9351922277f7,INSURER,969,OTHER,1,READ,
w3,2026-03-26T02:26:36.979839Z,79.953,403,False,0xe028327896d2bb4705C2134380bDB1E038DdF2Fc,REGULATOR,689,FNOL,4,READ,
w8,2026-03-26T02:26:37.022550Z,70.556,403,False,0xe29a4A0F7cc642F4654E70D8217eDDD2237e5b7f,ADJUSTER,463,IMAGE,2,READ,
w2,2026-03-26T02:26:37.023109Z,70.649,403,False,0xE2694287D484e8aE315B0F637DD87846ff5d7AdB,COURT,369,IMAGE,2,READ,
w1,2026-03-26T02:26:37.023587Z,70.538,403,False,0x5dBb83D0d96c168133412CC6e93a25a61Bfb8599,INSURER,695,FNOL,4,READ,
w5,2026-03-26T02:26:37.056799Z,75.430,403,False,0xc9d8268D9C81BA4cF1DBbA40D6dD31d9d29BFe87,COURT,868,OTHER,1,READ,
w9,2026-03-26T02:26:37.057920Z,74.996,403,False,0x0ab8d94B5Ad9dd3b2aE39785D87c48ef037fEeEe,INSURER,533,FNOL,4,READ,
w6,2026-03-26T02:26:37.059107Z,74.461,403,False,0x0Bc69A9CA614967C5D33108DA2C0Afd95130f7ab,POLICE,763,TELEMATICS,3,READ,
w3,2026-03-26T02:26:37.059816Z,74.359,403,False,0x62aEE2Fd1DE1f438B8c33F5C551d94d6cbD55160,POLICE,421,IMAGE,2,READ,
w7,2026-03-26T02:26:37.021041Z,144.790,200,True,0x828c0FD3Ed54b03A52e62470aF331e95A50BCf09,POLICE,196,VIDEO,2,READ,
w0,2026-03-26T02:26:37.021764Z,144.609,200,True,0xB6920469504adDf687AfCe890A39E6EBF76cF88E,POLICE,88,VIDEO,2,READ,
w2,2026-03-26T02:26:37.093795Z,73.329,403,False,0x9e27Ca8f24DA387fa26EB31284B2cee849f4fDb8,INSURER,611,FNOL,4,READ,
w1,2026-03-26T02:26:37.094139Z,73.543,403,False,0xc78F8e87EFbf9675147C8824EF1242398372eFCC,COURT,525,MEDICAL_REPORT,5,READ,
w4,2026-03-26T02:26:37.058489Z,150.846,200,True,0x5a73100273e2F91b8379DcaEe7505e5294ECd09E,INSURER,192,VIDEO,2,READ,
w5,2026-03-26T02:26:37.132264Z,78.008,403,False,0x7e44eb68D57cA35191576B6498CAC17b47001a2b,INSURER,923,OTHER,1,READ,
w9,2026-03-26T02:26:37.132936Z,77.944,403,False,0xacc4fa5f6784C35C0da5bCBEa5f8e3fe401F6323,COURT,791,TELEMATICS,3,READ,
w6,2026-03-26T02:26:37.133594Z,77.812,403,False,0xa69B6a9c2ED6A394a404B91B851C1176b76370Fa,GARAGE,699,FNOL,4,READ,
w3,2026-03-26T02:26:37.134197Z,77.625,403,False,0x68a330775019D52b44455B42704E8ad360Bc617E,GARAGE,749,TELEMATICS,3,READ,
w8,2026-03-26T02:26:37.093126Z,165.623,200,True,0xc073597a01C3BD226F8723F8E91124b57b11BEc8,GARAGE,168,VIDEO,2,READ,
w1,2026-03-26T02:26:37.167702Z,91.682,403,False,0xfa05901804C21448e6980BbDFa52ED18dc9d3B21,ADJUSTER,920,OTHER,1,READ,
w5,2026-03-26T02:26:37.210298Z,100.857,403,False,0xB7953144C083a54D89d9e4eCB7A2A4151D4007E0,REGULATOR,691,MEDICAL_REPORT,5,READ,
w3,2026-03-26T02:26:37.211843Z,99.889,403,False,0x0D7022eA8E23540fb4DCD302f796E37E70C4ee18,ADJUSTER,296,IMAGE,2,READ,
w7,2026-03-26T02:26:37.165856Z,156.128,200,True,0x45c4F19a8C6e455e9647ad8aD8a9A9c7733b6Bad,INSURER,2,VIDEO,2,READ,
w0,2026-03-26T02:26:37.166393Z,156.869,200,True,0x27Dd09F461d60E509B253B64B9C618ade0B207c2,INSURER,72,VIDEO,2,READ,
w2,2026-03-26T02:26:37.167145Z,157.527,200,True,0x10e284843829f15F74cE6E0abD20284341c6DB9A,INSURER,204,VIDEO,2,READ,
w8,2026-03-26T02:26:37.258771Z,68.781,403,False,0x09fA524FB632b6004cb5b61705D1Ac8346f5C956,ADJUSTER,876,OTHER,1,READ,
w1,2026-03-26T02:26:37.259403Z,68.776,403,False,0x98568A32769F002C8A543cc7578A13516D5646a3,INSURER,403,IMAGE,2,READ,
w4,2026-03-26T02:26:37.209397Z,179.920,200,True,0x09fA524FB632b6004cb5b61705D1Ac8346f5C956,ADJUSTER,147,VIDEO,2,READ,
w9,2026-03-26T02:26:37.210901Z,179.189,200,True,0xD6DBE4E8f9f2C043d9D69340C893CDc79e6cEaB1,ADJUSTER,263,IMAGE,2,READ,
w6,2026-03-26T02:26:37.211426Z,179.255,200,True,0x5a73100273e2F91b8379DcaEe7505e5294ECd09E,INSURER,25,VIDEO,2,READ,
w0,2026-03-26T02:26:37.323305Z,98.558,403,False,0xF0d558cD42EB081556a20bB9C95157de4966DbEe,INSURER,789,TELEMATICS,3,READ,
w2,2026-03-26T02:26:37.324695Z,97.907,403,False,0x5106911D638802a025a43feF48b5836d711BcfDC,GARAGE,526,MEDICAL_REPORT,5,READ,
w8,2026-03-26T02:26:37.327579Z,95.526,403,False,0xD1ff571869D0436cC7b43A2a2c156085F4c5Efeb,ADJUSTER,622,FNOL,4,READ,
w1,2026-03-26T02:26:37.328204Z,95.439,403,False,0x814742D6773D55c02177ca64238a124D39d8CAd0,COURT,753,TELEMATICS,3,READ,
w5,2026-03-26T02:26:37.311177Z,140.083,200,True,0x3F80f29E8ee7BD7ab795eaa0ea5834F45d8b4f36,ADJUSTER,265,IMAGE,2,READ,
w3,2026-03-26T02:26:37.311754Z,140.325,200,True,0x45c4F19a8C6e455e9647ad8aD8a9A9c7733b6Bad,INSURER,183,VIDEO,2,READ,
w4,2026-03-26T02:26:37.389343Z,63.361,403,False,0x0B5dF81DC06Bb007c88E04eD2D6826Ca41cBB0A2,GARAGE,848,TELEMATICS,3,READ,
w9,2026-03-26T02:26:37.390114Z,74.478,403,False,0xC737C4f48DDAf3A5015F6461cCC3152074B1adDc,INSURER,473,IMAGE,2,READ,
w6,2026-03-26T02:26:37.390704Z,74.486,403,False,0x7E270839240F84dCe86114e7c9A1B5C9751d5fc0,ADJUSTER,701,TELEMATICS,3,READ,
w7,2026-03-26T02:26:37.322077Z,188.262,200,True,0xE49f69335d2600b7983983725650eEc85f260b0E,INSURER,101,VIDEO,2,READ,
w2,2026-03-26T02:26:37.422622Z,88.529,403,False,0xc073597a01C3BD226F8723F8E91124b57b11BEc8,GARAGE,937,OTHER,1,READ,
w8,2026-03-26T02:26:37.423128Z,88.579,403,False,0xB7953144C083a54D89d9e4eCB7A2A4151D4007E0,REGULATOR,428,IMAGE,2,READ,
w5,2026-03-26T02:26:37.451284Z,91.891,403,False,0xC0B54dC53B9A14ad6199dbB75383AcEe7B50414B,ADJUSTER,941,OTHER,1,READ,
w3,2026-03-26T02:26:37.452106Z,91.868,403,False,0x90028B286fD1D933A9D4663B944477413d781ad9,COURT,346,IMAGE,2,READ,
w4,2026-03-26T02:26:37.452735Z,92.352,403,False,0xAd32d7cB99dFce02DE8A0033cC5fea1262c9840C,INSURER,657,MEDICAL_REPORT,5,READ,
w9,2026-03-26T02:26:37.464617Z,81.596,403,False,0xA540c09f6c140651CA79CFFa797D92DF979aE483,ADJUSTER,664,FNOL,4,READ,
w0,2026-03-26T02:26:37.421885Z,155.819,200,True,0x55aC7E86FfE135500754bda7778b3749aE34930B,INSURER,94,VIDEO,2,READ,
w1,2026-03-26T02:26:37.423688Z,154.630,200,True,0xd9A6B19e054ef53852110104f8251e86d57f88fe,INSURER,189,VIDEO,2,READ,
w2,2026-03-26T02:26:37.511173Z,67.662,403,False,0x3539040e9A7AA2F3eb932f8a6523DA9ED746160F,GARAGE,847,TELEMATICS,3,READ,
w6,2026-03-26T02:26:37.465215Z,124.303,200,True,0x631528f50C384c7AeF4ED528554980D850De0283,POLICE,254,IMAGE,2,READ,
w5,2026-03-26T02:26:37.543199Z,46.943,403,False,0x7E270839240F84dCe86114e7c9A1B5C9751d5fc0,ADJUSTER,281,IMAGE,2,READ,
w3,2026-03-26T02:26:37.544013Z,46.831,403,False,0x8818DFB61c2A02e64c74DC651D2b8a152A170140,INSURER,289,IMAGE,2,READ,
w4,2026-03-26T02:26:37.545118Z,46.289,403,False,0x8818DFB61c2A02e64c74DC651D2b8a152A170140,INSURER,727,TELEMATICS,3,READ,
w9,2026-03-26T02:26:37.546237Z,45.733,403,False,0xAB90A30F8DBAe40Fd6D9aA11cf1908F4CbC8432D,INSURER,977,OTHER,1,READ,
w7,2026-03-26T02:26:37.510363Z,132.545,200,True,0x3F80f29E8ee7BD7ab795eaa0ea5834F45d8b4f36,ADJUSTER,204,VIDEO,2,READ,
w8,2026-03-26T02:26:37.511730Z,131.927,200,True,0x85f013a2fE4D618643C6918f0dA731aA62b93420,GARAGE,30,VIDEO,2,READ,
w0,2026-03-26T02:26:37.577735Z,66.853,403,False,0x7e44eb68D57cA35191576B6498CAC17b47001a2b,INSURER,844,TELEMATICS,3,READ,
w5,2026-03-26T02:26:37.590162Z,88.852,403,False,0xE49f69335d2600b7983983725650eEc85f260b0E,INSURER,444,IMAGE,2,READ,
w3,2026-03-26T02:26:37.590865Z,88.727,403,False,0xe4f7B57F3C40B6c829FCf662110800Fe4aBafb37,GARAGE,725,TELEMATICS,3,READ,
w4,2026-03-26T02:26:37.591428Z,88.712,403,False,0x3fC3662b6AbB721C5A8739eBc22914C534242aC2,GARAGE,453,IMAGE,2,READ,
w9,2026-03-26T02:26:37.592011Z,88.852,403,False,0xC0B54dC53B9A14ad6199dbB75383AcEe7B50414B,ADJUSTER,593,FNOL,4,READ,
w1,2026-03-26T02:26:37.578339Z,136.825,200,True,0x814742D6773D55c02177ca64238a124D39d8CAd0,COURT,96,VIDEO,2,READ,
w2,2026-03-26T02:26:37.578861Z,136.961,200,True,0x84201FaB00444122Be75C109644920B9462cD92d,INSURER,250,VIDEO,2,READ,
w7,2026-03-26T02:26:37.642932Z,73.365,403,False,0xE49f69335d2600b7983983725650eEc85f260b0E,INSURER,838,TELEMATICS,3,READ,
w8,2026-03-26T02:26:37.643680Z,73.161,403,False,0xA0D16Db45A3E299D305623eB5499B19F75Fd2E79,COURT,669,MEDICAL_REPORT,5,READ,
w0,2026-03-26T02:26:37.644618Z,72.728,403,False,0xfC435D0E00Ae6D11E5Bb3A9cd461B915Edc17F59,REGULATOR,299,IMAGE,2,READ,
w6,2026-03-26T02:26:37.589543Z,199.520,200,True,0xd4d6f7C907632F87345652fbbA08446B0cAc034d,GARAGE,233,VIDEO,2,READ,
w5,2026-03-26T02:26:37.679036Z,110.729,403,False,0xA0D16Db45A3E299D305623eB5499B19F75Fd2E79,COURT,596,FNOL,4,READ,
w3,2026-03-26T02:26:37.679621Z,110.694,403,False,0x9A79C72a6b8A1a6F62B7D42810fA4D7d292395BC,POLICE,983,OTHER,1,READ,
w9,2026-03-26T02:26:37.680885Z,110.094,403,False,0x90028B286fD1D933A9D4663B944477413d781ad9,COURT,939,OTHER,1,READ,
w1,2026-03-26T02:26:37.715186Z,91.349,403,False,0x6793787989bC3CD4C54f44099Dc75Fb05503EC65,GARAGE,585,MEDICAL_REPORT,5,READ,
w2,2026-03-26T02:26:37.715842Z,91.486,403,False,0x54cFafA03b3780b2bEc02Ba688A6DB581b30e82F,POLICE,913,OTHER,1,READ,
w7,2026-03-26T02:26:37.716332Z,91.559,403,False,0xe68Cd859c32799e54800ffa5C5474912A5C23706,INSURER,627,FNOL,4,READ,
w8,2026-03-26T02:26:37.716866Z,91.656,403,False,0x814742D6773D55c02177ca64238a124D39d8CAd0,COURT,386,IMAGE,2,READ,
w4,2026-03-26T02:26:37.680161Z,189.969,200,True,0x09fA524FB632b6004cb5b61705D1Ac8346f5C956,ADJUSTER,9,VIDEO,2,READ,
w6,2026-03-26T02:26:37.789088Z,81.818,403,False,0xc78F8e87EFbf9675147C8824EF1242398372eFCC,COURT,350,IMAGE,2,READ,
w5,2026-03-26T02:26:37.789814Z,81.611,403,False,0xA540c09f6c140651CA79CFFa797D92DF979aE483,ADJUSTER,905,OTHER,1,READ,
w3,2026-03-26T02:26:37.790337Z,81.655,403,False,0xa69B6a9c2ED6A394a404B91B851C1176b76370Fa,GARAGE,448,IMAGE,2,READ,
w9,2026-03-26T02:26:37.791004Z,81.643,403,False,0x6aFB84B7d3D55C3019fC8120397eabD8507b6877,GARAGE,850,TELEMATICS,3,READ,
w0,2026-03-26T02:26:37.717365Z,155.823,200,True,0x814742D6773D55c02177ca64238a124D39d8CAd0,COURT,15,VIDEO,2,READ,
w1,2026-03-26T02:26:37.806559Z,89.439,403,False,0x265D84A4A56a37ae42bD3AE43A135660D59CE429,COURT,453,IMAGE,2,READ,
w2,2026-03-26T02:26:37.807362Z,89.328,403,False,0x98347d3bFE3F67dc6ee387CF9C8DE40578347681,ADJUSTER,333,IMAGE,2,READ,
w7,2026-03-26T02:26:37.808007Z,89.250,403,False,0x8B9C6E42320Cc7c0a0512De5818B2aCc269feef7,INSURER,824,TELEMATICS,3,READ,
w4,2026-03-26T02:26:37.870155Z,69.325,403,False,0x0D7022eA8E23540fb4DCD302f796E37E70C4ee18,ADJUSTER,831,TELEMATICS,3,READ,
w6,2026-03-26T02:26:37.870927Z,69.251,403,False,0xF92d6f9F9322A08d7548d2be3FFFfa7E9307bfF7,POLICE,559,MEDICAL_REPORT,5,READ,
w3,2026-03-26T02:26:37.872020Z,114.357,403,False,0xE49f69335d2600b7983983725650eEc85f260b0E,INSURER,656,FNOL,4,READ,
w9,2026-03-26T02:26:37.872669Z,114.300,403,False,0x0a32D28155a778b375C162F8999D8D0d760896b8,ADJUSTER,996,OTHER,1,READ,
w1,2026-03-26T02:26:37.896023Z,115.096,403,False,0x62aEE2Fd1DE1f438B8c33F5C551d94d6cbD55160,POLICE,673,MEDICAL_REPORT,5,READ,
w7,2026-03-26T02:26:37.897283Z,114.518,403,False,0x727e45e23f8594c57Cf3FE94b94fC6DC8eBD7A92,INSURER,642,FNOL,4,READ,
w8,2026-03-26T02:26:37.808565Z,213.313,200,True,0x3F80f29E8ee7BD7ab795eaa0ea5834F45d8b4f36,ADJUSTER,179,VIDEO,2,READ,
w5,2026-03-26T02:26:37.871448Z,154.498,200,True,0x84201FaB00444122Be75C109644920B9462cD92d,INSURER,30,VIDEO,2,READ,
w4,2026-03-26T02:26:37.939558Z,87.151,403,False,0xD45c19e5e5E1f56DFD5EF10a0DBdBeE64Bb94C5E,POLICE,809,TELEMATICS,3,READ,
w6,2026-03-26T02:26:37.940203Z,87.082,403,False,0x6aFB84B7d3D55C3019fC8120397eabD8507b6877,GARAGE,941,OTHER,1,READ,
w0,2026-03-26T02:26:37.873209Z,182.443,200,True,0x727e45e23f8594c57Cf3FE94b94fC6DC8eBD7A92,INSURER,185,VIDEO,2,READ,
w3,2026-03-26T02:26:37.986398Z,69.857,403,False,0x387bB796cDb51d56531031d8f74b6b071370F649,INSURER,888,OTHER,1,READ,
w9,2026-03-26T02:26:37.986991Z,70.207,403,False,0x814742D6773D55c02177ca64238a124D39d8CAd0,COURT,555,FNOL,4,READ,
w2,2026-03-26T02:26:37.896713Z,184.453,200,True,0xFc3a53f3055e68a2D5fE4aF7E5B5cF92e63F17e7,INSURER,214,VIDEO,2,READ,
w7,2026-03-26T02:26:38.011823Z,109.091,403,False,0xa59ECFb410CCB56f80640CFCfAe5726121Ab2cfa,REGULATOR,375,IMAGE,2,READ,
w8,2026-03-26T02:26:38.021901Z,99.569,403,False,0x33733bc2AFfA696339eACE63a29db0850Bae08C6,COURT,843,TELEMATICS,3,READ,
w5,2026-03-26T02:26:38.025969Z,95.942,403,False,0x724d89D8ad84494De12a74615cd5bFFEf3eA18aA,ADJUSTER,930,OTHER,1,READ,
w4,2026-03-26T02:26:38.026735Z,95.664,403,False,0x58546e800Dd5EE7E99f22ecB7344138B6dFF55Ce,INSURER,661,FNOL,4,READ,
w3,2026-03-26T02:26:38.056277Z,100.142,403,False,0x005fc769438eD21e72915650ea3d0Bd0779E1d56,ADJUSTER,361,IMAGE,2,READ,
w9,2026-03-26T02:26:38.058285Z,98.896,403,False,0x4939E121036A8AD1643718eFc89097821616931f,POLICE,890,OTHER,1,READ,
w1,2026-03-26T02:26:38.011142Z,151.406,200,True,0x8d1A0bE126b91823D8E5E215116c9351922277f7,INSURER,218,VIDEO,2,READ,
w2,2026-03-26T02:26:38.081192Z,82.054,403,False,0x62198F0616394D6E59Acc14b43bbe6ABF2f67db8,ADJUSTER,573,MEDICAL_REPORT,5,READ,
w6,2026-03-26T02:26:38.027313Z,176.749,200,True,0xc78F8e87EFbf9675147C8824EF1242398372eFCC,COURT,261,IMAGE,2,READ,
w7,2026-03-26T02:26:38.120937Z,83.867,403,False,0x907C18fd7B2D156904bC5c25dD4542B69dfe6d54,ADJUSTER,986,OTHER,1,READ,
w8,2026-03-26T02:26:38.121490Z,83.876,403,False,0x90937Fa99BC935CfA2aDcB3C0dcde37a9a95af00,INSURER,759,TELEMATICS,3,READ,
w4,2026-03-26T02:26:38.122554Z,93.525,403,False,0xA2Be70fFcf3281293C1C8Cf71648070736aFEB70,INSURER,713,TELEMATICS,3,READ,
w0,2026-03-26T02:26:38.055705Z,202.972,200,True,0x27Dd09F461d60E509B253B64B9C618ade0B207c2,INSURER,234,VIDEO,2,READ,
w3,2026-03-26T02:26:38.156444Z,102.972,403,False,0x27Dd09F461d60E509B253B64B9C618ade0B207c2,INSURER,700,MEDICAL_REPORT,5,READ,
w1,2026-03-26T02:26:38.162597Z,97.617,403,False,0xc78F8e87EFbf9675147C8824EF1242398372eFCC,COURT,645,MEDICAL_REPORT,5,READ,
w5,2026-03-26T02:26:38.121929Z,168.295,200,True,0x221D1a7739dA73BA8B191C14399776D9C63E6e8F,INSURER,244,VIDEO,2,READ,
w6,2026-03-26T02:26:38.204086Z,96.771,403,False,0xc560606Bd2B90Feea8BaAB3270Efd65c17422Ad3,ADJUSTER,954,OTHER,1,READ,
w7,2026-03-26T02:26:38.204829Z,96.907,403,False,0xD1ff571869D0436cC7b43A2a2c156085F4c5Efeb,ADJUSTER,760,TELEMATICS,3,READ,
w8,2026-03-26T02:26:38.215402Z,86.825,403,False,0xFc3a53f3055e68a2D5fE4aF7E5B5cF92e63F17e7,INSURER,445,IMAGE,2,READ,
w4,2026-03-26T02:26:38.216099Z,86.546,403,False,0xACeC85e12d17bE03cf4d9ac50Db46392aC26A13A,GARAGE,352,IMAGE,2,READ,
w9,2026-03-26T02:26:38.157208Z,173.644,200,True,0x727e45e23f8594c57Cf3FE94b94fC6DC8eBD7A92,INSURER,81,VIDEO,2,READ,
w0,2026-03-26T02:26:38.258703Z,72.927,403,False,0xC737C4f48DDAf3A5015F6461cCC3152074B1adDc,INSURER,316,IMAGE,2,READ,
w1,2026-03-26T02:26:38.260241Z,100.921,403,False,0xA92D4979eB98ad7361AD95Ad1182a54449C093eB,INSURER,814,TELEMATICS,3,READ,
w2,2026-03-26T02:26:38.163268Z,198.534,200,True,0x59e91027b0aBD6B839408f96360A4ca0Dc596a98,ADJUSTER,116,VIDEO,2,READ,
w5,2026-03-26T02:26:38.290249Z,85.504,403,False,0x5CBf5c5AcCf319E51A3261361f38b9b09D3A0Cdf,INSURER,630,FNOL,4,READ,
w6,2026-03-26T02:26:38.300917Z,75.546,403,False,0xce923F1c1B6DE1A03f42cC378185B0BCCD65256e,POLICE,463,IMAGE,2,READ,
w7,2026-03-26T02:26:38.301757Z,94.704,403,False,0xCe261d45B20f7c1ACaE3eAf693D957b5D99D42BD,REGULATOR,408,IMAGE,2,READ,
w4,2026-03-26T02:26:38.302663Z,94.506,403,False,0xD45c19e5e5E1f56DFD5EF10a0DBdBeE64Bb94C5E,POLICE,382,IMAGE,2,READ,
w9,2026-03-26T02:26:38.330874Z,104.270,403,False,0x62198F0616394D6E59Acc14b43bbe6ABF2f67db8,ADJUSTER,271,IMAGE,2,READ,
w0,2026-03-26T02:26:38.331655Z,104.228,403,False,0x711f9Ba03b219CFED557d6c4077c783BdfBEC307,COURT,749,TELEMATICS,3,READ,
w3,2026-03-26T02:26:38.259449Z,195.642,200,True,0x9f37E319F5290Da8b5C5Cb33369dc41B4E185AB5,ADJUSTER,143,VIDEO,2,READ,
w2,2026-03-26T02:26:38.361825Z,95.199,403,False,0xF92d6f9F9322A08d7548d2be3FFFfa7E9307bfF7,POLICE,553,MEDICAL_REPORT,5,READ,
w5,2026-03-26T02:26:38.375774Z,91.292,403,False,0x9D7C8C9e23D36eC3BFff969f156405253162b9e0,ADJUSTER,466,IMAGE,2,READ,
w6,2026-03-26T02:26:38.376483Z,91.461,403,False,0x49825196030134F6349A45D6c576684792207592,INSURER,464,IMAGE,2,READ,
w8,2026-03-26T02:26:38.302247Z,186.151,200,True,0x23E9FBB7579C74D955604A707C648CA3Db02A0c7,ADJUSTER,77,VIDEO,2,READ,
w7,2026-03-26T02:26:38.396506Z,92.491,403,False,0xd9A6B19e054ef53852110104f8251e86d57f88fe,INSURER,953,OTHER,1,READ,
w4,2026-03-26T02:26:38.397193Z,91.940,403,False,0x8818DFB61c2A02e64c74DC651D2b8a152A170140,INSURER,347,IMAGE,2,READ,
w9,2026-03-26T02:26:38.435169Z,66.214,403,False,0x5c07a06B115c15b04B988EA559f2FC152b87BE65,INSURER,486,IMAGE,2,READ,
w1,2026-03-26T02:26:38.361185Z,179.227,200,True,0xc78F8e87EFbf9675147C8824EF1242398372eFCC,COURT,117,VIDEO,2,READ,
w2,2026-03-26T02:26:38.457050Z,83.522,403,False,0x2b2d95E89Db8d5C9D7a789205F735fffB7738f31,INSURER,428,IMAGE,2,READ,
w6,2026-03-26T02:26:38.467968Z,73.481,403,False,0xAc46c6cb0d1d810573C55BcB67a854a313D89d5E,POLICE,875,OTHER,1,READ,
w0,2026-03-26T02:26:38.435905Z,108.237,200,True,0xF0d558cD42EB081556a20bB9C95157de4966DbEe,INSURER,264,IMAGE,2,READ,
w3,2026-03-26T02:26:38.455114Z,118.503,200,True,0x7F99cBFcC9a6cBf31E66d657377B3C4D260ce4BE,ADJUSTER,114,VIDEO,2,READ,
w5,2026-03-26T02:26:38.467088Z,106.807,200,True,0x265D84A4A56a37ae42bD3AE43A135660D59CE429,COURT,165,VIDEO,2,READ,
