worker,index,start_time_iso,latency_ms,status,tx_hash,gas_used,block_number,error
w0,0,2025-11-26T13:47:40.256936Z,161.694,200,0xf9ddc6d3f82915bb9e3decd2531c7b5d3b9296325ae20e6a7e577ea58cc0d89e,134144,1214,
w0,1,2025-11-26T13:47:40.418721Z,144.327,500,,,,"Unexpected status 500, body={'error': 'Internal error', 'details': 'nonce has already been used (transaction=""0x02f901b5827a698204bd843b9aca00843b9aca1083020c00949fe46736679d2d9a65f0992f2272de9f3c7fa6e080b9014440d777ba000000000000000000000000000000000000000000000000000000000000000600000000000000000000000000000000000000000000000000000000000000000000000000000000000000000000000000000000000000000000000000000000000000000000000000000000000000000000000000000000000000000000000800000000000000000000000000000000000000000000000000000000000000000000000000000000000000000000000000000000000000000000000000000002000000000000000000000000000000000000000000000000000000000000000400000000000000000000000000000000000000000000000000000000692704fc00000000000000000000000000000000000000000000000000000000694e91fc0000000000000000000000000000000000000000000000000000000000000001c080a095185e2e112d93b8363da117b1135a758cf4fe40237ebe211c1b7320b6028b32a0016703c6c1fbd71b2b668c53321fc2b6ad781469d031d5b075cdde547f3cee69"", info={ ""error"": { ""code"": -32000, ""data"": { ""message"": ""Nonce too low. Expected nonce to be 1214 but got 1213. Note that transactions can\'t be queued when automining."" }, ""message"": ""Nonce too low. Expected nonce to be 1214 but got 1213. Note that transactions can\'t be queued when automining."" } }, code=NONCE_EXPIRED, version=6.15.0)'}"
w0,2,2025-11-26T13:47:40.563123Z,165.348,200,0x2581c975f7b131bc2c26b1c4740f81a07165c091ebbe5dd407fee81f108da818,134132,1215,
w0,3,2025-11-26T13:47:40.728523Z,79.706,500,,,,"Unexpected status 500, body={'error': 'Internal error', 'details': 'nonce has already been used (transaction=""0x02f901b5827a698204be843b9aca00843b9aca1083020b71949fe46736679d2d9a65f0992f2272de9f3c7fa6e080b9014440d777ba0000000000000000000000000000000000000000000000000000000000000006000000000000000000000000000000000000000000000000000000000000000000000000000000000000000000000000000000000000000000000000000000000000000000000000000000000000000000000000000000000000000000000008000000000000000000000000000000000000000000000000000000000000000000000000000000000000000000000000000000000000000000000000000000000000000000000000000000000000000000000000000000000000000000000002000000000000000000000000000000000000000000000000000000000000000000000000000000000000000000000000000000000000000000000000000000000000000000000000000000000000000000000000000000000000000000000001c001a072ff6f7b7a71b16ab7e3a938357020cbbaa6aef1ab4d45d43c44dbf7617e9ec6a020b5f4095fc30034e2ded0c98e6497feac0e6fd715f89a7034db24992b716c9d"", info={ ""error"": { ""code"": -32000, ""data"": { ""message"": ""Nonce too low. Expected nonce to be 1215 but got 1214. Note that transactions can\'t be queued when automining."" }, ""message"": ""Nonce too low. Expected nonce to be 1215 but got 1214. Note that transactions can\'t be queued when automining."" } }, code=NONCE_EXPIRED, version=6.15.0)'}"
w0,4,2025-11-26T13:47:40.808293Z,78.072,500,,,,"Unexpected status 500, body={'error': 'Internal error', 'details': 'nonce has already been used (transaction=""0x02f901b5827a698204be843b9aca00843b9aca108301bda9949fe46736679d2d9a65f0992f2272de9f3c7fa6e080b9014440d777ba0000000000000000000000000000000000000000000000000000000000000006000000000000000000000000000000000000000000000000000000000000000000000000000000000000000000000000000000000000000000000000000000000000000000000000000000000000000000000000000000000000000000000000000000000000000000000000000000000000000000000000000000000000000000000000000000000000000000000000000000000000000000000000000000000000000000000000000000000000000000000000000000000000000000000004000000000000000000000000000000000000000000000000000000000000000000000000000000000000000000000000000000000000000000000000000000000000000000000000000000000000000000000000000000000000000000000001c001a0ef256f1aa32227cd019aa6470734afe05d9bbbc88c69ade76c7781538842d300a0674cb8e169afa00583746b14f931cb7cae53163c030515e20a10832c5354f6ea"", info={ ""error"": { ""code"": -32000, ""data"": { ""message"": ""Nonce too low. Expected nonce to be 1215 but got 1214. Note that transactions can\'t be queued when automining."" }, ""message"": ""Nonce too low. Expected nonce to be 1215 but got 1214. Note that transactions can\'t be queued when automining."" } }, code=NONCE_EXPIRED, version=6.15.0)'}"
w0,5,2025-11-26T13:47:40.886428Z,122.990,200,0x5c549aa964423f2c015eb4a0e70136b83095db39ad2e860831b65c7ebd5b480d,134144,1216,
w0,6,2025-11-26T13:47:41.009488Z,92.595,500,,,,"Unexpected status 500, body={'error': 'Internal error', 'details': 'nonce has already been used (transaction=""0x02f901b5827a698204bf843b9aca00843b9aca108301be38949fe46736679d2d9a65f0992f2272de9f3c7fa6e080b9014440d777ba000000000000000000000000000000000000000000000000000000000000000600000000000000000000000000000000000000000000000000000000000000000000000000000000000000000000000000000000000000000000000000000000000000000000000000000000000000000000000000000000000000000000000000000000000000000000000000000000000000000000000000000000000000000000000000000000000000000000000000000000000000000000000000000002000000000000000000000000000000000000000000000000000000000000000500000000000000000000000000000000000000000000000000000000692704fd00000000000000000000000000000000000000000000000000000000694e91fd0000000000000000000000000000000000000000000000000000000000000001c080a0bbaef5e66f3ce3344feaeb7f949115c27031d84aafa9cb398f34023230d0bb7aa046a6f8d8542cd72d31ded8eff088fbe5a3b88e32d1b3ee101c180eb348ad7e3b"", info={ ""error"": { ""code"": -32000, ""data"": { ""message"": ""Nonce too low. Expected nonce to be 1216 but got 1215. Note that transactions can\'t be queued when automining."" }, ""message"": ""Nonce too low. Expected nonce to be 1216 but got 1215. Note that transactions can\'t be queued when automining."" } }, code=NONCE_EXPIRED, version=6.15.0)'}"
w0,7,2025-11-26T13:47:41.102159Z,77.573,500,,,,"Unexpected status 500, body={'error': 'Internal error', 'details': 'nonce has already been used (transaction=""0x02f901b5827a698204bf843b9aca00843b9aca1083020b71949fe46736679d2d9a65f0992f2272de9f3c7fa6e080b9014440d777ba0000000000000000000000000000000000000000000000000000000000000002000000000000000000000000000000000000000000000000000000000000000000000000000000000000000000000000000000000000000000000000000000000000000000000000000000000000000000000000000000000000000000000008000000000000000000000000000000000000000000000000000000000000000000000000000000000000000000000000000000000000000000000000000000000000000000000000000000000000000000000000000000000000000000000004000000000000000000000000000000000000000000000000000000000000000000000000000000000000000000000000000000000000000000000000000000000000000000000000000000000000000000000000000000000000000000000001c080a0a70980a9df1b4eace6d41dd2c21922361e5da86de97370d1b538841c0625484ba00b2df73680e06508b77dc390af838137ce013963448392bb0aeaf0909ff47146"", info={ ""error"": { ""code"": -32000, ""data"": { ""message"": ""Nonce too low. Expected nonce to be 1216 but got 1215. Note that transactions can\'t be queued when automining."" }, ""message"": ""Nonce too low. Expected nonce to be 1216 but got 1215. Note that transactions can\'t be queued when automining."" } }, code=NONCE_EXPIRED, version=6.15.0)'}"
w0,8,2025-11-26T13:47:41.179789Z,139.014,200,0x9616fed5a35856a7731194a1964f9a76d762e21f264493867787c5a5f989b228,134144,1217,
w0,9,2025-11-26T13:47:41.318860Z,78.887,500,,,,"Unexpected status 500, body={'error': 'Internal error', 'details': 'nonce has already been used (transaction=""0x02f901b5827a698204c0843b9aca00843b9aca1083020c00949fe46736679d2d9a65f0992f2272de9f3c7fa6e080b9014440d777ba000000000000000000000000000000000000000000000000000000000000000200000000000000000000000000000000000000000000000000000000000000000000000000000000000000000000000000000000000000000000000000000000000000000000000000000000000000000000000000000000000000000000000500000000000000000000000000000000000000000000000000000000000000000000000000000000000000000000000000000000000000000000000000000002000000000000000000000000000000000000000000000000000000000000000500000000000000000000000000000000000000000000000000000000692704fd00000000000000000000000000000000000000000000000000000000694e91fd0000000000000000000000000000000000000000000000000000000000000001c080a002a1824c4850d40f52379e8555d40ef1a72bada4d68be66d9067009af1863da0a045d1e90201426d3574ac1680156c6991b54062d79e24f016da66da330ab5da2f"", info={ ""error"": { ""code"": -32000, ""data"": { ""message"": ""Nonce too low. Expected nonce to be 1217 but got 1216. Note that transactions can\'t be queued when automining."" }, ""message"": ""Nonce too low. Expected nonce to be 1217 but got 1216. Note that transactions can\'t be queued when automining."" } }, code=NONCE_EXPIRED, version=6.15.0)'}"
w0,10,2025-11-26T13:47:41.397808Z,77.729,500,,,,"Unexpected status 500, body={'error': 'Internal error', 'details': 'nonce has already been used (transaction=""0x02f901b5827a698204c0843b9aca00843b9aca1083020b7d949fe46736679d2d9a65f0992f2272de9f3c7fa6e080b9014440d777ba0000000000000000000000000000000000000000000000000000000000000005000000000000000000000000000000000000000000000000000000000000000000000000000000000000000000000000000000000000000000000000000000000000000000000000000000000000000000000000000000000000000000000005000000000000000000000000000000000000000000000000000000000000000000000000000000000000000000000000000000000000000000000000000000020000000000000000000000000000000000000000000000000000000000000005000000000000000000000000000000000000000000000000000000000000000000000000000000000000000000000000000000000000000000000000000000000000000000000000000000000000000000000000000000000000000000000001c080a0a19e9eaf8b13595e5e01a1bdbd94354a2d1907c11fc975763a704e4ef2212c2ca03102c2450f856a16cddd37fbce9950263b240969ac462be2a11745fbb4a07ffd"", info={ ""error"": { ""code"": -32000, ""data"": { ""message"": ""Nonce too low. Expected nonce to be 1217 but got 1216. Note that transactions can\'t be queued when automining."" }, ""message"": ""Nonce too low. Expected nonce to be 1217 but got 1216. Note that transactions can\'t be queued when automining."" } }, code=NONCE_EXPIRED, version=6.15.0)'}"
w0,11,2025-11-26T13:47:41.475608Z,137.748,200,0xd7ace85c674200579c1ced8c2aea331b8b072015e95d5cd55fed3912f201e24f,114232,1218,
w0,12,2025-11-26T13:47:41.613405Z,80.051,500,,,,"Unexpected status 500, body={'error': 'Internal error', 'details': 'nonce has already been used (transaction=""0x02f901b5827a698204c1843b9aca00843b9aca108301be2c949fe46736679d2d9a65f0992f2272de9f3c7fa6e080b9014440d777ba000000000000000000000000000000000000000000000000000000000000000500000000000000000000000000000000000000000000000000000000000000000000000000000000000000000000000000000000000000000000000000000000000000000000000000000000000000000000000000000000000000000000000000000000000000000000000000000000000000000000000000000000000000000000000000000000000000000000000000000000000000000000000000000000000000000000000000000000000000000000000000000000000000000000000500000000000000000000000000000000000000000000000000000000692704fd00000000000000000000000000000000000000000000000000000000694e91fd0000000000000000000000000000000000000000000000000000000000000001c001a0bf2cf77fb42a744a4e7d0dc20dee7ce0b809dbfa411d3a3f53969bd5551ce61aa008a5af3efac4011d9f7d4a2b52ca9725e39ef59a9746fd9df1c247794811ea4b"", info={ ""error"": { ""code"": -32000, ""data"": { ""message"": ""Nonce too low. Expected nonce to be 1218 but got 1217. Note that transactions can\'t be queued when automining."" }, ""message"": ""Nonce too low. Expected nonce to be 1218 but got 1217. Note that transactions can\'t be queued when automining."" } }, code=NONCE_EXPIRED, version=6.15.0)'}"
w0,13,2025-11-26T13:47:41.693520Z,76.553,500,,,,"Unexpected status 500, body={'error': 'Internal error', 'details': 'nonce has already been used (transaction=""0x02f901b5827a698204c1843b9aca00843b9aca108301bda9949fe46736679d2d9a65f0992f2272de9f3c7fa6e080b9014440d777ba0000000000000000000000000000000000000000000000000000000000000004000000000000000000000000000000000000000000000000000000000000000000000000000000000000000000000000000000000000000000000000000000000000000000000000000000000000000000000000000000000000000000000000000000000000000000000000000000000000000000000000000000000000000000000000000000000000000000000000000000000000000000000000000000000000000000000000000000000000000000000000000000000000000000000002000000000000000000000000000000000000000000000000000000000000000000000000000000000000000000000000000000000000000000000000000000000000000000000000000000000000000000000000000000000000000000000001c080a0a91bd85a1acf044735e7014ce75ce40495955e88dc62d7ed3a1c807aeea72da9a052d03950685158d2d88ee8f8029ab0d1da13764bae0bbe0a81510a7b04ab4307"", info={ ""error"": { ""code"": -32000, ""data"": { ""message"": ""Nonce too low. Expected nonce to be 1218 but got 1217. Note that transactions can\'t be queued when automining."" }, ""message"": ""Nonce too low. Expected nonce to be 1218 but got 1217. Note that transactions can\'t be queued when automining."" } }, code=NONCE_EXPIRED, version=6.15.0)'}"
w0,14,2025-11-26T13:47:41.770154Z,154.658,200,0x520f67c4b28d9183bd9326d0e41df809a89e4b13a815b35b33622e4357e6ec3c,134144,1219,
w0,15,2025-11-26T13:47:41.924861Z,109.829,500,,,,"Unexpected status 500, body={'error': 'Internal error', 'details': 'nonce has already been used (transaction=""0x02f901b5827a698204c2843b9aca00843b9aca1083020b71949fe46736679d2d9a65f0992f2272de9f3c7fa6e080b9014440d777ba0000000000000000000000000000000000000000000000000000000000000006000000000000000000000000000000000000000000000000000000000000000000000000000000000000000000000000000000000000000000000000000000000000000000000000000000000000000000000000000000000000000000000005000000000000000000000000000000000000000000000000000000000000000000000000000000000000000000000000000000000000000000000000000000000000000000000000000000000000000000000000000000000000000000000005000000000000000000000000000000000000000000000000000000000000000000000000000000000000000000000000000000000000000000000000000000000000000000000000000000000000000000000000000000000000000000000001c001a0144f2361ef372a19722d99fe26c153630ca5dc5fd7c50afe0729e2d45a1663f0a0589c998a824fe8bd67166d13bd240114bb60cff21753b8b5257a9ae0ae528faa"", info={ ""error"": { ""code"": -32000, ""data"": { ""message"": ""Nonce too low. Expected nonce to be 1219 but got 1218. Note that transactions can\'t be queued when automining."" }, ""message"": ""Nonce too low. Expected nonce to be 1219 but got 1218. Note that transactions can\'t be queued when automining."" } }, code=NONCE_EXPIRED, version=6.15.0)'}"
w0,16,2025-11-26T13:47:42.034755Z,106.128,200,0x08a5592c0bd8e7a31abe790d0c4d5b2a4e59fe9486cc73f53c60bdfd76e252cd,134013,1220,
w0,17,2025-11-26T13:47:42.140932Z,127.907,500,,,,"Unexpected status 500, body={'error': 'Internal error', 'details': 'nonce has already been used (transaction=""0x02f901b5827a698204c3843b9aca00843b9aca1083020bf4949fe46736679d2d9a65f0992f2272de9f3c7fa6e080b9014440d777ba000000000000000000000000000000000000000000000000000000000000000400000000000000000000000000000000000000000000000000000000000000000000000000000000000000000000000000000000000000000000000000000000000000000000000000000000000000000000000000000000000000000000000800000000000000000000000000000000000000000000000000000000000000000000000000000000000000000000000000000000000000000000000000000000000000000000000000000000000000000000000000000000000000000000000200000000000000000000000000000000000000000000000000000000692704fe00000000000000000000000000000000000000000000000000000000694e91fe0000000000000000000000000000000000000000000000000000000000000001c080a0696053e7758b173a6ab97dacf0d343369b8dce76d009e1003d0bcbda9b85c407a065eacd8fd4a57970312308d648dafe4fcd6d5f206b12e10fde3329f23698ffb8"", info={ ""error"": { ""code"": -32000, ""data"": { ""message"": ""Nonce too low. Expected nonce to be 1220 but got 1219. Note that transactions can\'t be queued when automining."" }, ""message"": ""Nonce too low. Expected nonce to be 1220 but got 1219. Note that transactions can\'t be queued when automining."" } }, code=NONCE_EXPIRED, version=6.15.0)'}"
w0,18,2025-11-26T13:47:42.268986Z,93.940,500,,,,"Unexpected status 500, body={'error': 'Internal error', 'details': 'nonce has already been used (transaction=""0x02f901b5827a698204c3843b9aca00843b9aca1083020b7d949fe46736679d2d9a65f0992f2272de9f3c7fa6e080b9014440d777ba0000000000000000000000000000000000000000000000000000000000000006000000000000000000000000000000000000000000000000000000000000000000000000000000000000000000000000000000000000000000000000000000000000000000000000000000000000000000000000000000000000000000000002000000000000000000000000000000000000000000000000000000000000000000000000000000000000000000000000000000000000000000000000000000010000000000000000000000000000000000000000000000000000000000000002000000000000000000000000000000000000000000000000000000000000000000000000000000000000000000000000000000000000000000000000000000000000000000000000000000000000000000000000000000000000000000000001c080a08889f8a2b1bff08de253b00def5a5f4cc5906ae395300824043f734741e869eca033268367ddf8edfe360f5aad603f320ac0f270e2379ef879e83820c0fbfbe087"", info={ ""error"": { ""code"": -32000, ""data"": { ""message"": ""Nonce too low. Expected nonce to be 1220 but got 1219. Note that transactions can\'t be queued when automining."" }, ""message"": ""Nonce too low. Expected nonce to be 1220 but got 1219. Note that transactions can\'t be queued when automining."" } }, code=NONCE_EXPIRED, version=6.15.0)'}"
w0,19,2025-11-26T13:47:42.363014Z,121.894,200,0xa0eaf4186339d0298b1daba5bfe8551f15c7529fd55a7c3943420f5e34d922de,134144,1221,
w0,20,2025-11-26T13:47:42.484960Z,94.397,500,,,,"Unexpected status 500, body={'error': 'Internal error', 'details': 'nonce has already been used (transaction=""0x02f901b5827a698204c4843b9aca00843b9aca108301be2c949fe46736679d2d9a65f0992f2272de9f3c7fa6e080b9014440d777ba000000000000000000000000000000000000000000000000000000000000000500000000000000000000000000000000000000000000000000000000000000000000000000000000000000000000000000000000000000000000000000000000000000000000000000000000000000000000000000000000000000000000000000000000000000000000000000000000000000000000000000000000000000000000000000000000000000000000000000000000000000000000000000000000000000000000000000000000000000000000000000000000000000000000000300000000000000000000000000000000000000000000000000000000692704fe00000000000000000000000000000000000000000000000000000000694e91fe0000000000000000000000000000000000000000000000000000000000000001c001a0d36d6c42cf52cc9811b32c47ac903ff4783d738f2e27189ae82c6f33f49ee12aa04ce6471c7db9af5954ea93137ef6f014dd3a7b043cd2d48893c694e542e49069"", info={ ""error"": { ""code"": -32000, ""data"": { ""message"": ""Nonce too low. Expected nonce to be 1221 but got 1220. Note that transactions can\'t be queued when automining."" }, ""message"": ""Nonce too low. Expected nonce to be 1221 but got 1220. Note that transactions can\'t be queued when automining."" } }, code=NONCE_EXPIRED, version=6.15.0)'}"
w0,21,2025-11-26T13:47:42.579418Z,81.855,500,,,,"Unexpected status 500, body={'error': 'Internal error', 'details': 'nonce has already been used (transaction=""0x02f901b5827a698204c4843b9aca00843b9aca1083020c00949fe46736679d2d9a65f0992f2272de9f3c7fa6e080b9014440d777ba000000000000000000000000000000000000000000000000000000000000000500000000000000000000000000000000000000000000000000000000000000000000000000000000000000000000000000000000000000000000000000000000000000000000000000000000000000000000000000000000000000000000000500000000000000000000000000000000000000000000000000000000000000000000000000000000000000000000000000000000000000000000000000000001000000000000000000000000000000000000000000000000000000000000000200000000000000000000000000000000000000000000000000000000692704fe00000000000000000000000000000000000000000000000000000000694e91fe0000000000000000000000000000000000000000000000000000000000000001c080a09a78bd7f62ddd42cf8cc8065c2d72be06a675308e7f6538bf783c276bb6ffb24a02aa8a6cdac1457ae1b98277339fa28535b19286e4034e2099053320b58fad8c1"", info={ ""error"": { ""code"": -32000, ""data"": { ""message"": ""Nonce too low. Expected nonce to be 1221 but got 1220. Note that transactions can\'t be queued when automining."" }, ""message"": ""Nonce too low. Expected nonce to be 1221 but got 1220. Note that transactions can\'t be queued when automining."" } }, code=NONCE_EXPIRED, version=6.15.0)'}"
w0,22,2025-11-26T13:47:42.661335Z,136.206,200,0xf1be84d2e7ddab25ff9d291d0edb8ef07cca7648e56a7084475e98d7e41868dc,134013,1222,
w0,23,2025-11-26T13:47:42.797593Z,94.888,500,,,,"Unexpected status 500, body={'error': 'Internal error', 'details': 'nonce has already been used (transaction=""0x02f901b5827a698204c5843b9aca00843b9aca1083020bf4949fe46736679d2d9a65f0992f2272de9f3c7fa6e080b9014440d777ba000000000000000000000000000000000000000000000000000000000000000600000000000000000000000000000000000000000000000000000000000000000000000000000000000000000000000000000000000000000000000000000000000000000000000000000000000000000000000000000000000000000000000600000000000000000000000000000000000000000000000000000000000000000000000000000000000000000000000000000000000000000000000000000000000000000000000000000000000000000000000000000000000000000000000400000000000000000000000000000000000000000000000000000000692704fe00000000000000000000000000000000000000000000000000000000694e91fe0000000000000000000000000000000000000000000000000000000000000001c080a061eaf4add9d007b29beece01a46f73a141243245b15e63d741a2af42d374b164a01063a2f56ab802073e3d47d35176a90ebd29c18966df8a0ca1ef31b7c5fa7941"", info={ ""error"": { ""code"": -32000, ""data"": { ""message"": ""Nonce too low. Expected nonce to be 1222 but got 1221. Note that transactions can\'t be queued when automining."" }, ""message"": ""Nonce too low. Expected nonce to be 1222 but got 1221. Note that transactions can\'t be queued when automining."" } }, code=NONCE_EXPIRED, version=6.15.0)'}"
w0,24,2025-11-26T13:47:42.892540Z,84.781,500,,,,"Unexpected status 500, body={'error': 'Internal error', 'details': 'nonce has already been used (transaction=""0x02f901b5827a698204c5843b9aca00843b9aca1083020c00949fe46736679d2d9a65f0992f2272de9f3c7fa6e080b9014440d777ba000000000000000000000000000000000000000000000000000000000000000500000000000000000000000000000000000000000000000000000000000000000000000000000000000000000000000000000000000000000000000000000000000000000000000000000000000000000000000000000000000000000000000800000000000000000000000000000000000000000000000000000000000000000000000000000000000000000000000000000000000000000000000000000002000000000000000000000000000000000000000000000000000000000000000500000000000000000000000000000000000000000000000000000000692704fe00000000000000000000000000000000000000000000000000000000694e91fe0000000000000000000000000000000000000000000000000000000000000001c080a0ddcf43414fa8742df754996d185cfdba9b2d4e08c1464a0c3e6e8d99ec70ef42a03bb7ec858888a98e7c306be19b7e582182171eedeebf6798031bf7445f74621b"", info={ ""error"": { ""code"": -32000, ""data"": { ""message"": ""Nonce too low. Expected nonce to be 1222 but got 1221. Note that transactions can\'t be queued when automining."" }, ""message"": ""Nonce too low. Expected nonce to be 1222 but got 1221. Note that transactions can\'t be queued when automining."" } }, code=NONCE_EXPIRED, version=6.15.0)'}"
w0,25,2025-11-26T13:47:42.977379Z,103.058,200,0x2ebc3b60d688169c172121876939a36bbbb0cb1d3e17abb0d6ca8f70f5cd4ad4,114101,1223,
w0,26,2025-11-26T13:47:43.080486Z,95.667,500,,,,"Unexpected status 500, body={'error': 'Internal error', 'details': 'nonce has already been used (transaction=""0x02f901b5827a698204c6843b9aca00843b9aca108301bdb5949fe46736679d2d9a65f0992f2272de9f3c7fa6e080b9014440d777ba0000000000000000000000000000000000000000000000000000000000000004000000000000000000000000000000000000000000000000000000000000000000000000000000000000000000000000000000000000000000000000000000000000000000000000000000000000000000000000000000000000000000000000000000000000000000000000000000000000000000000000000000000000000000000000000000000000000000000000000000000000000000000000000000010000000000000000000000000000000000000000000000000000000000000004000000000000000000000000000000000000000000000000000000000000000000000000000000000000000000000000000000000000000000000000000000000000000000000000000000000000000000000000000000000000000000000001c001a0922cf952c82864da3bd5a74a0eaee289587634797dae15abe4e1d0dd16d94de7a00cdeb5f0c8f32ff17de213224d64dd909f58d53bd105df30804ab6db3a1d2362"", info={ ""error"": { ""code"": -32000, ""data"": { ""message"": ""Nonce too low. Expected nonce to be 1223 but got 1222. Note that transactions can\'t be queued when automining."" }, ""message"": ""Nonce too low. Expected nonce to be 1223 but got 1222. Note that transactions can\'t be queued when automining."" } }, code=NONCE_EXPIRED, version=6.15.0)'}"
w0,27,2025-11-26T13:47:43.176212Z,91.994,500,,,,"Unexpected status 500, body={'error': 'Internal error', 'details': 'nonce has already been used (transaction=""0x02f901b5827a698204c6843b9aca00843b9aca1083020c00949fe46736679d2d9a65f0992f2272de9f3c7fa6e080b9014440d777ba000000000000000000000000000000000000000000000000000000000000000600000000000000000000000000000000000000000000000000000000000000000000000000000000000000000000000000000000000000000000000000000000000000000000000000000000000000000000000000000000000000000000000200000000000000000000000000000000000000000000000000000000000000000000000000000000000000000000000000000000000000000000000000000001000000000000000000000000000000000000000000000000000000000000000500000000000000000000000000000000000000000000000000000000692704ff00000000000000000000000000000000000000000000000000000000694e91ff0000000000000000000000000000000000000000000000000000000000000001c001a050c3fac5481c6694852bb1c59067b8abf42b25f4bb35497c81fcbeb90f274d44a003083ea7b4f53ad0cfebc71526fed6e7040678dac3bab028d3073284a888e9a7"", info={ ""error"": { ""code"": -32000, ""data"": { ""message"": ""Nonce too low. Expected nonce to be 1223 but got 1222. Note that transactions can\'t be queued when automining."" }, ""message"": ""Nonce too low. Expected nonce to be 1223 but got 1222. Note that transactions can\'t be queued when automining."" } }, code=NONCE_EXPIRED, version=6.15.0)'}"
w0,28,2025-11-26T13:47:43.268275Z,93.354,200,0xb94d82aa1642783cc2c180cb958359f4cac16a7915a2758d67f58e3f9cd5c5a7,134132,1224,
w0,29,2025-11-26T13:47:43.361680Z,95.321,500,,,,"Unexpected status 500, body={'error': 'Internal error', 'details': 'nonce has already been used (transaction=""0x02f901b5827a698204c7843b9aca00843b9aca1083020c00949fe46736679d2d9a65f0992f2272de9f3c7fa6e080b9014440d777ba000000000000000000000000000000000000000000000000000000000000000500000000000000000000000000000000000000000000000000000000000000000000000000000000000000000000000000000000000000000000000000000000000000000000000000000000000000000000000000000000000000000000000200000000000000000000000000000000000000000000000000000000000000000000000000000000000000000000000000000000000000000000000000000001000000000000000000000000000000000000000000000000000000000000000400000000000000000000000000000000000000000000000000000000692704ff00000000000000000000000000000000000000000000000000000000694e91ff0000000000000000000000000000000000000000000000000000000000000001c080a0e9787126ef6f247fd3295faa60dc66f1ccc8efda7bb9ea25413cc7e9ca7da93fa046642ef7c81514b17339b6d153633763b12b044bf73aa9a821c6c854aa5bd327"", info={ ""error"": { ""code"": -32000, ""data"": { ""message"": ""Nonce too low. Expected nonce to be 1224 but got 1223. Note that transactions can\'t be queued when automining."" }, ""message"": ""Nonce too low. Expected nonce to be 1224 but got 1223. Note that transactions can\'t be queued when automining."" } }, code=NONCE_EXPIRED, version=6.15.0)'}"
w0,30,2025-11-26T13:47:43.457061Z,91.480,500,,,,"Unexpected status 500, body={'error': 'Internal error', 'details': 'nonce has already been used (transaction=""0x02f901b5827a698204c7843b9aca00843b9aca1083020b7d949fe46736679d2d9a65f0992f2272de9f3c7fa6e080b9014440d777ba0000000000000000000000000000000000000000000000000000000000000006000000000000000000000000000000000000000000000000000000000000000000000000000000000000000000000000000000000000000000000000000000000000000000000000000000000000000000000000000000000000000000000002000000000000000000000000000000000000000000000000000000000000000000000000000000000000000000000000000000000000000000000000000000010000000000000000000000000000000000000000000000000000000000000005000000000000000000000000000000000000000000000000000000000000000000000000000000000000000000000000000000000000000000000000000000000000000000000000000000000000000000000000000000000000000000000001c001a0d2e69d57c5c65c8c0c6fd2c46500cc416d33e604e776eb9aaeb481e3e51757b7a02faefc765c49c23ef476141e75e811bd42fe1bc456534cb53aad40ba0f9334bc"", info={ ""error"": { ""code"": -32000, ""data"": { ""message"": ""Nonce too low. Expected nonce to be 1224 but got 1223. Note that transactions can\'t be queued when automining."" }, ""message"": ""Nonce too low. Expected nonce to be 1224 but got 1223. Note that transactions can\'t be queued when automining."" } }, code=NONCE_EXPIRED, version=6.15.0)'}"
w0,31,2025-11-26T13:47:43.548599Z,110.013,200,0x517265a119963b06e074e63a68fe1baee4e534ed9f5d8e4cacb685157d9791d2,134013,1225,
w0,32,2025-11-26T13:47:43.658675Z,108.190,500,,,,"Unexpected status 500, body={'error': 'Internal error', 'details': 'nonce has already been used (transaction=""0x02f901b5827a698204c8843b9aca00843b9aca1083020c00949fe46736679d2d9a65f0992f2272de9f3c7fa6e080b9014440d777ba000000000000000000000000000000000000000000000000000000000000000400000000000000000000000000000000000000000000000000000000000000000000000000000000000000000000000000000000000000000000000000000000000000000000000000000000000000000000000000000000000000000000000600000000000000000000000000000000000000000000000000000000000000000000000000000000000000000000000000000000000000000000000000000002000000000000000000000000000000000000000000000000000000000000000400000000000000000000000000000000000000000000000000000000692704ff00000000000000000000000000000000000000000000000000000000694e91ff0000000000000000000000000000000000000000000000000000000000000001c080a0faea2600bacd2f245e2f608f6f26e62ebb089ebebef4502a40e282ee69c54a93a0467034c574a67f61f642e7e77ca0069574b4d79651acb75343f566c21869f3f1"", info={ ""error"": { ""code"": -32000, ""data"": { ""message"": ""Nonce too low. Expected nonce to be 1225 but got 1224. Note that transactions can\'t be queued when automining."" }, ""message"": ""Nonce too low. Expected nonce to be 1225 but got 1224. Note that transactions can\'t be queued when automining."" } }, code=NONCE_EXPIRED, version=6.15.0)'}"
w0,33,2025-11-26T13:47:43.766925Z,77.381,500,,,,"Unexpected status 500, body={'error': 'Internal error', 'details': 'nonce has already been used (transaction=""0x02f901b5827a698204c8843b9aca00843b9aca1083020b7d949fe46736679d2d9a65f0992f2272de9f3c7fa6e080b9014440d777ba0000000000000000000000000000000000000000000000000000000000000002000000000000000000000000000000000000000000000000000000000000000000000000000000000000000000000000000000000000000000000000000000000000000000000000000000000000000000000000000000000000000000000006000000000000000000000000000000000000000000000000000000000000000000000000000000000000000000000000000000000000000000000000000000020000000000000000000000000000000000000000000000000000000000000004000000000000000000000000000000000000000000000000000000000000000000000000000000000000000000000000000000000000000000000000000000000000000000000000000000000000000000000000000000000000000000000001c080a06b4c9e1b6ffed9368d67099ab2a328d9ee5e37682804721c351857e28dfee552a015702280319dd62eccf1f0456c14be47252d0a69bfa4ba83f82aab3a64f81ec1"", info={ ""error"": { ""code"": -32000, ""data"": { ""message"": ""Nonce too low. Expected nonce to be 1225 but got 1224. Note that transactions can\'t be queued when automining."" }, ""message"": ""Nonce too low. Expected nonce to be 1225 but got 1224. Note that transactions can\'t be queued when automining."" } }, code=NONCE_EXPIRED, version=6.15.0)'}"
w0,34,2025-11-26T13:47:43.844367Z,123.542,200,0x5f32992b2f2a0b0079343bbed2c2fea46a52edecb9fd9463d8e551c7fb879e02,134013,1226,
w0,35,2025-11-26T13:47:43.967968Z,92.385,500,,,,"Unexpected status 500, body={'error': 'Internal error', 'details': 'nonce has already been used (transaction=""0x02f901b5827a698204c9843b9aca00843b9aca1083020b7d949fe46736679d2d9a65f0992f2272de9f3c7fa6e080b9014440d777ba0000000000000000000000000000000000000000000000000000000000000004000000000000000000000000000000000000000000000000000000000000000000000000000000000000000000000000000000000000000000000000000000000000000000000000000000000000000000000000000000000000000000000008000000000000000000000000000000000000000000000000000000000000000000000000000000000000000000000000000000000000000000000000000000010000000000000000000000000000000000000000000000000000000000000002000000000000000000000000000000000000000000000000000000000000000000000000000000000000000000000000000000000000000000000000000000000000000000000000000000000000000000000000000000000000000000000001c080a0d51854eb329f7ccfa1442a5f6e6cda32c807576691aec18ff66e7635f7f03c07a06013917c3ba5285593c16d32b0f77fa46e9771e798d4c6d70738eb931bd949de"", info={ ""error"": { ""code"": -32000, ""data"": { ""message"": ""Nonce too low. Expected nonce to be 1226 but got 1225. Note that transactions can\'t be queued when automining."" }, ""message"": ""Nonce too low. Expected nonce to be 1226 but got 1225. Note that transactions can\'t be queued when automining."" } }, code=NONCE_EXPIRED, version=6.15.0)'}"
w0,36,2025-11-26T13:47:44.060412Z,84.309,500,,,,"Unexpected status 500, body={'error': 'Internal error', 'details': 'nonce has already been used (transaction=""0x02f901b5827a698204c9843b9aca00843b9aca1083020b7d949fe46736679d2d9a65f0992f2272de9f3c7fa6e080b9014440d777ba0000000000000000000000000000000000000000000000000000000000000005000000000000000000000000000000000000000000000000000000000000000000000000000000000000000000000000000000000000000000000000000000000000000000000000000000000000000000000000000000000000000000000002000000000000000000000000000000000000000000000000000000000000000000000000000000000000000000000000000000000000000000000000000000010000000000000000000000000000000000000000000000000000000000000002000000000000000000000000000000000000000000000000000000000000000000000000000000000000000000000000000000000000000000000000000000000000000000000000000000000000000000000000000000000000000000000001c080a0d4281e9f0c48e901c45fcfe1e317aeeba14acac417d2dd82ecaef2e4ee140d3aa03983c6d7874fdc02d9b25df887c0b575b46179e444a3c9b40f0b6ce7adb56b44"", info={ ""error"": { ""code"": -32000, ""data"": { ""message"": ""Nonce too low. Expected nonce to be 1226 but got 1225. Note that transactions can\'t be queued when automining."" }, ""message"": ""Nonce too low. Expected nonce to be 1226 but got 1225. Note that transactions can\'t be queued when automining."" } }, code=NONCE_EXPIRED, version=6.15.0)'}"
w0,37,2025-11-26T13:47:44.144792Z,148.803,200,0x0e7faa6148b5f6b7329497d635fe2666637efa555fcb51be280a3b278a3fe4b8,134120,1227,
w0,38,2025-11-26T13:47:44.293659Z,112.277,500,,,,"Unexpected status 500, body={'error': 'Internal error', 'details': 'nonce has already been used (transaction=""0x02f901b5827a698204ca843b9aca00843b9aca1083020b71949fe46736679d2d9a65f0992f2272de9f3c7fa6e080b9014440d777ba0000000000000000000000000000000000000000000000000000000000000004000000000000000000000000000000000000000000000000000000000000000000000000000000000000000000000000000000000000000000000000000000000000000000000000000000000000000000000000000000000000000000000006000000000000000000000000000000000000000000000000000000000000000000000000000000000000000000000000000000000000000000000000000000000000000000000000000000000000000000000000000000000000000000000003000000000000000000000000000000000000000000000000000000000000000000000000000000000000000000000000000000000000000000000000000000000000000000000000000000000000000000000000000000000000000000000001c001a0d7428d1ae7372ffdb796ca6281244c9b53ba8c8e219e98ea13c4cddfeaff4bc6a0133e0fdaf3b484b6aaa291f7c4b3d97c900b92b8bc8a145c3b64f7072e0856d4"", info={ ""error"": { ""code"": -32000, ""data"": { ""message"": ""Nonce too low. Expected nonce to be 1227 but got 1226. Note that transactions can\'t be queued when automining."" }, ""message"": ""Nonce too low. Expected nonce to be 1227 but got 1226. Note that transactions can\'t be queued when automining."" } }, code=NONCE_EXPIRED, version=6.15.0)'}"
w0,39,2025-11-26T13:47:44.406015Z,107.164,200,0xea05f0c95b9a1eecc4f4fde863e822c58a9118c73549465a3e49ad3abb1619fd,134108,1228,
w0,40,2025-11-26T13:47:44.513237Z,79.931,500,,,,"Unexpected status 500, body={'error': 'Internal error', 'details': 'nonce has already been used (transaction=""0x02f901b5827a698204cb843b9aca00843b9aca1083020be8949fe46736679d2d9a65f0992f2272de9f3c7fa6e080b9014440d777ba0000000000000000000000000000000000000000000000000000000000000005000000000000000000000000000000000000000000000000000000000000000000000000000000000000000000000000000000000000000000000000000000000000000000000000000000000000000000000000000000000000000000000005000000000000000000000000000000000000000000000000000000000000000000000000000000000000000000000000000000000000000000000000000000010000000000000000000000000000000000000000000000000000000000000004000000000000000000000000000000000000000000000000000000006927050000000000000000000000000000000000000000000000000000000000694e92000000000000000000000000000000000000000000000000000000000000000001c080a0f5b58de80ea3bf603c1b8c320d0daf518996b723006059d5caea4b1b1861b986a0269fdc39d9f246a424953a50de2a8c95867394a1e05a3ed8fe6f3fc2d2b3e678"", info={ ""error"": { ""code"": -32000, ""data"": { ""message"": ""Nonce too low. Expected nonce to be 1228 but got 1227. Note that transactions can\'t be queued when automining."" }, ""message"": ""Nonce too low. Expected nonce to be 1228 but got 1227. Note that transactions can\'t be queued when automining."" } }, code=NONCE_EXPIRED, version=6.15.0)'}"
w0,41,2025-11-26T13:47:44.593245Z,94.080,500,,,,"Unexpected status 500, body={'error': 'Internal error', 'details': 'nonce has already been used (transaction=""0x02f901b5827a698204cb843b9aca00843b9aca1083020be8949fe46736679d2d9a65f0992f2272de9f3c7fa6e080b9014440d777ba0000000000000000000000000000000000000000000000000000000000000004000000000000000000000000000000000000000000000000000000000000000000000000000000000000000000000000000000000000000000000000000000000000000000000000000000000000000000000000000000000000000000000006000000000000000000000000000000000000000000000000000000000000000000000000000000000000000000000000000000000000000000000000000000010000000000000000000000000000000000000000000000000000000000000003000000000000000000000000000000000000000000000000000000006927050000000000000000000000000000000000000000000000000000000000694e92000000000000000000000000000000000000000000000000000000000000000001c080a029e545583d7d5e2c935870138b13300ac8aa961456c8844c957e8fdde210ccada04691a07b9b27f92ffb063365b3c774e0cd710abe2aa7d58d7ad8043a1ffff712"", info={ ""error"": { ""code"": -32000, ""data"": { ""message"": ""Nonce too low. Expected nonce to be 1228 but got 1227. Note that transactions can\'t be queued when automining."" }, ""message"": ""Nonce too low. Expected nonce to be 1228 but got 1227. Note that transactions can\'t be queued when automining."" } }, code=NONCE_EXPIRED, version=6.15.0)'}"
w0,42,2025-11-26T13:47:44.687416Z,106.291,200,0x22ed770511a2b70e2c3f3917188bf52ec29802a65f30fb006064f865a87c52e2,134001,1229,
w0,43,2025-11-26T13:47:44.793756Z,83.086,500,,,,"Unexpected status 500, body={'error': 'Internal error', 'details': 'nonce has already been used (transaction=""0x02f901b5827a698204cc843b9aca00843b9aca1083020b7d949fe46736679d2d9a65f0992f2272de9f3c7fa6e080b9014440d777ba0000000000000000000000000000000000000000000000000000000000000005000000000000000000000000000000000000000000000000000000000000000000000000000000000000000000000000000000000000000000000000000000000000000000000000000000000000000000000000000000000000000000000006000000000000000000000000000000000000000000000000000000000000000000000000000000000000000000000000000000000000000000000000000000010000000000000000000000000000000000000000000000000000000000000004000000000000000000000000000000000000000000000000000000000000000000000000000000000000000000000000000000000000000000000000000000000000000000000000000000000000000000000000000000000000000000000001c080a04865fe1193bdd71d86675d71872867b0990f922d31dd997019bded8a3ae0a507a0277e44fa4338218c5e50b0d9f91f1557e31f5bf71b8b9b5102cf69455063c069"", info={ ""error"": { ""code"": -32000, ""data"": { ""message"": ""Nonce too low. Expected nonce to be 1229 but got 1228. Note that transactions can\'t be queued when automining."" }, ""message"": ""Nonce too low. Expected nonce to be 1229 but got 1228. Note that transactions can\'t be queued when automining."" } }, code=NONCE_EXPIRED, version=6.15.0)'}"
w0,44,2025-11-26T13:47:44.876903Z,119.618,500,,,,"Unexpected status 500, body={'error': 'Internal error', 'details': 'nonce has already been used (transaction=""0x02f901b5827a698204cc843b9aca00843b9aca1083020b71949fe46736679d2d9a65f0992f2272de9f3c7fa6e080b9014440d777ba0000000000000000000000000000000000000000000000000000000000000005000000000000000000000000000000000000000000000000000000000000000000000000000000000000000000000000000000000000000000000000000000000000000000000000000000000000000000000000000000000000000000000008000000000000000000000000000000000000000000000000000000000000000000000000000000000000000000000000000000000000000000000000000000000000000000000000000000000000000000000000000000000000000000000003000000000000000000000000000000000000000000000000000000000000000000000000000000000000000000000000000000000000000000000000000000000000000000000000000000000000000000000000000000000000000000000001c080a03e03176523abe2831ee3f1a633ce3e9926450ac02a397b17059b5c1a7b993f86a03c5d9e6ac02c82feff63a13085021c5283a90f528dc0231c6ae13660af4a1f90"", info={ ""error"": { ""code"": -32000, ""data"": { ""message"": ""Nonce too low. Expected nonce to be 1229 but got 1228. Note that transactions can\'t be queued when automining."" }, ""message"": ""Nonce too low. Expected nonce to be 1229 but got 1228. Note that transactions can\'t be queued when automining."" } }, code=NONCE_EXPIRED, version=6.15.0)'}"
w0,45,2025-11-26T13:47:44.996583Z,94.646,200,0x65cc041d324979dff76cd7a247eb19b521f0fb0ff5c44f95f5d6babb27c0f6d3,134108,1230,
w0,46,2025-11-26T13:47:45.091277Z,78.595,500,,,,"Unexpected status 500, body={'error': 'Internal error', 'details': 'nonce has already been used (transaction=""0x02f901b5827a698204cd843b9aca00843b9aca108301be2c949fe46736679d2d9a65f0992f2272de9f3c7fa6e080b9014440d777ba0000000000000000000000000000000000000000000000000000000000000006000000000000000000000000000000000000000000000000000000000000000000000000000000000000000000000000000000000000000000000000000000000000000000000000000000000000000000000000000000000000000000000000000000000000000000000000000000000000000000000000000000000000000000000000000000000000000000000000000000000000000000000000000000000000000000000000000000000000000000000000000000000000000000000004000000000000000000000000000000000000000000000000000000006927050100000000000000000000000000000000000000000000000000000000694e92010000000000000000000000000000000000000000000000000000000000000001c080a0418918aff9bee18b128f64f9d717c66bffc85fa4933068c496b25408895fc856a07df9c01c9ef46085199e09ad10a78cef42ecf7210609e0ac15a26aa6c04366ea"", info={ ""error"": { ""code"": -32000, ""data"": { ""message"": ""Nonce too low. Expected nonce to be 1230 but got 1229. Note that transactions can\'t be queued when automining."" }, ""message"": ""Nonce too low. Expected nonce to be 1230 but got 1229. Note that transactions can\'t be queued when automining."" } }, code=NONCE_EXPIRED, version=6.15.0)'}"
w0,47,2025-11-26T13:47:45.170030Z,124.296,500,,,,"Unexpected status 500, body={'error': 'Internal error', 'details': 'nonce has already been used (transaction=""0x02f901b5827a698204cd843b9aca00843b9aca1083020b7d949fe46736679d2d9a65f0992f2272de9f3c7fa6e080b9014440d777ba0000000000000000000000000000000000000000000000000000000000000002000000000000000000000000000000000000000000000000000000000000000000000000000000000000000000000000000000000000000000000000000000000000000000000000000000000000000000000000000000000000000000000002000000000000000000000000000000000000000000000000000000000000000000000000000000000000000000000000000000000000000000000000000000020000000000000000000000000000000000000000000000000000000000000003000000000000000000000000000000000000000000000000000000000000000000000000000000000000000000000000000000000000000000000000000000000000000000000000000000000000000000000000000000000000000000000001c080a08afdc75d431d903df9ff847b2adcaf209b2cdb768a5a83b9703803ad02a054d4a01bb558d9d07eccc113314a35de1d59bfacb37edd226d4b62ea46a021d763b4c1"", info={ ""error"": { ""code"": -32000, ""data"": { ""message"": ""Nonce too low. Expected nonce to be 1230 but got 1229. Note that transactions can\'t be queued when automining."" }, ""message"": ""Nonce too low. Expected nonce to be 1230 but got 1229. Note that transactions can\'t be queued when automining."" } }, code=NONCE_EXPIRED, version=6.15.0)'}"
w0,48,2025-11-26T13:47:45.294403Z,122.133,200,0x9ab0b5580503376a11b415c055884e81544b679e0679d8207621c53ce93de4f1,134144,1231,
w0,49,2025-11-26T13:47:45.416586Z,77.621,500,,,,"Unexpected status 500, body={'error': 'Internal error', 'details': 'nonce has already been used (transaction=""0x02f901b5827a698204ce843b9aca00843b9aca1083020bf4949fe46736679d2d9a65f0992f2272de9f3c7fa6e080b9014440d777ba0000000000000000000000000000000000000000000000000000000000000002000000000000000000000000000000000000000000000000000000000000000000000000000000000000000000000000000000000000000000000000000000000000000000000000000000000000000000000000000000000000000000000002000000000000000000000000000000000000000000000000000000000000000000000000000000000000000000000000000000000000000000000000000000000000000000000000000000000000000000000000000000000000000000000005000000000000000000000000000000000000000000000000000000006927050100000000000000000000000000000000000000000000000000000000694e92010000000000000000000000000000000000000000000000000000000000000001c001a0e916f08d22f5d1a879bb794950217de1a5f8424848936b71333c32a702f06b49a05f38297f14dddb3ce773db0124c9341717e58111dfee991e6b11d477b956342f"", info={ ""error"": { ""code"": -32000, ""data"": { ""message"": ""Nonce too low. Expected nonce to be 1231 but got 1230. Note that transactions can\'t be queued when automining."" }, ""message"": ""Nonce too low. Expected nonce to be 1231 but got 1230. Note that transactions can\'t be queued when automining."" } }, code=NONCE_EXPIRED, version=6.15.0)'}"
