status,latency_ms,gas_estimate,allowed,subject,resourceId,action,rt_ms
200,8,,False,0xe4f7B57F3C40B6c829FCf662110800Fe4aBafb37,820,0,30.823
200,7,,False,0xd4d6f7C907632F87345652fbbA08446B0cAc034d,988,0,8.946
200,10,,False,0xa69B6a9c2ED6A394a404B91B851C1176b76370Fa,783,0,11.427
200,6,,False,0xfC435D0E00Ae6D11E5Bb3A9cd461B915Edc17F59,731,0,8.189
200,6,,False,0x5a73100273e2F91b8379DcaEe7505e5294ECd09E,298,0,15.882
200,6,,False,0x8d1A0bE126b91823D8E5E215116c9351922277f7,513,0,8.080
200,12,,False,0x57D7Dac174cE9ce2c07ADDE286cBfDe51cC50122,871,0,13.041
200,12,,False,0x9f26D169621c57Db8eC4B7a3B5D9aF4CdF71085F,284,0,13.144
200,9,,False,0x90937Fa99BC935CfA2aDcB3C0dcde37a9a95af00,175,0,10.352
200,7,,True,0xA0D16Db45A3E299D305623eB5499B19F75Fd2E79,134,0,9.042
200,9,,False,0x5361cD9F3982091dD2C3e79FAb30707aD081b1AA,72,0,17.732
200,13,,True,0x85ECA10226e8EE3Abb23B282bEBcfD147D3af353,147,0,14.652
200,13,,False,0x978CFCe76672e2C96DbfF5705fe29901d2A624d2,421,0,14.697
200,6,,False,0x98568A32769F002C8A543cc7578A13516D5646a3,270,0,16.223
200,14,,False,0xC737C4f48DDAf3A5015F6461cCC3152074B1adDc,622,0,15.900
200,20,,False,0xB6920469504adDf687AfCe890A39E6EBF76cF88E,374,0,21.282
200,15,,False,0x98568A32769F002C8A543cc7578A13516D5646a3,241,0,16.202
200,16,,False,0x5CBf5c5AcCf319E51A3261361f38b9b09D3A0Cdf,632,0,17.681
200,14,,False,0x10d74EEF9a158805e197f451FFcF98B5df6f07B3,997,0,16.132
200,17,,True,0xe4Ff9366F4FF38f071D95aA48d3DB306E70De577,142,0,18.893
200,16,,False,0x11d0837E47B208389bc698030a678Bc9261f8156,369,0,17.871
200,14,,False,0x12CB40C48B0B23c8B9E9a012e1863b5225A5F311,904,0,16.514
200,14,,False,0x0Bc69A9CA614967C5D33108DA2C0Afd95130f7ab,822,0,16.712
200,15,,False,0x3Ce62c75582d14D54A1532D0Fd3fcA709D3AB012,955,0,24.605
200,7,,False,0x3Ce62c75582d14D54A1532D0Fd3fcA709D3AB012,312,0,8.492
200,7,,False,0x69b1a8FA8C91e049e9d19bE94bef38769ec28c9D,810,0,8.092
200,12,,False,0x86A27669Dc5B6bA6693B7eBf3cF194eB8C1Ba6a1,544,0,13.688
200,8,,False,0x5dBb83D0d96c168133412CC6e93a25a61Bfb8599,977,0,9.250
200,13,,False,0x1ed7D08B1bc117C8039A09D7469dCD6b7119ec85,414,0,14.527
200,13,,True,0xA903578836c1E60A93BAd29357D9962aBd7aE0E7,93,0,14.190
200,54,,True,0x6793787989bC3CD4C54f44099Dc75Fb05503EC65,69,0,81.954
200,10,,False,0xF4B9B002569bC5998B1d5a2309EF921d2ca63BDd,649,0,11.441
200,40,,False,0xC60A6C8Fe339e01d6E76d91B0650A99bd0eA77F1,378,0,41.044
200,25,,False,0x074bE6382e1bAD6f8957dEED880345Efc1bDC58C,675,0,25.998
200,6,,False,0xE49f69335d2600b7983983725650eEc85f260b0E,279,0,7.438
200,14,,False,0x3fC3662b6AbB721C5A8739eBc22914C534242aC2,393,0,15.739
200,6,,False,0x2E3A06358fFBF425bdBFB9D46d36F4C62cB2C752,370,0,7.424
200,19,,False,0x23E9FBB7579C74D955604A707C648CA3Db02A0c7,303,0,20.279
200,5,,False,0xc78F8e87EFbf9675147C8824EF1242398372eFCC,477,0,7.190
200,6,,False,0xc0c58f42F3d56a359208054C1e3d9EB9FEB181E5,424,0,7.586
200,12,,False,0xe4Ff9366F4FF38f071D95aA48d3DB306E70De577,407,0,13.984
200,14,,False,0xB6920469504adDf687AfCe890A39E6EBF76cF88E,828,0,15.200
200,13,,False,0x33733bc2AFfA696339eACE63a29db0850Bae08C6,959,0,14.058
200,16,,False,0x23164e00C680c815A8886E437558C15425a21040,612,0,16.851
200,11,,False,0x6B44eD6B1692CB06047271f02833671D89f1a4E7,627,0,12.004
200,6,,False,0xA0706EA97613c48c8Ee8A39218259d61Ae5A25c1,804,0,7.190
200,6,,False,0x631528f50C384c7AeF4ED528554980D850De0283,507,0,13.484
200,15,,False,0xe8425CD8D02275245734Aa5D064DD1F2B051fA27,615,0,16.121
200,13,,False,0x2d463F869E51337B7a301382Cc76B1960D09BAd7,652,0,15.237
200,17,,False,0xD8859a86a30f76f3bB902c5710A4172bd799658c,223,0,18.917
200,8,,False,0x97e7867Ce5d3E2726b779578c7097DBB50CbDB95,124,0,15.298
200,6,,False,0xA0706EA97613c48c8Ee8A39218259d61Ae5A25c1,828,0,14.781
200,14,,False,0x5361cD9F3982091dD2C3e79FAb30707aD081b1AA,118,0,15.276
200,8,,False,0xA540c09f6c140651CA79CFFa797D92DF979aE483,228,0,10.287
200,14,,False,0x8d1A0bE126b91823D8E5E215116c9351922277f7,313,0,15.498
200,5,,False,0x10d74EEF9a158805e197f451FFcF98B5df6f07B3,726,0,7.047
200,9,,False,0x45c4F19a8C6e455e9647ad8aD8a9A9c7733b6Bad,170,0,12.309
200,14,,False,0x0ab8d94B5Ad9dd3b2aE39785D87c48ef037fEeEe,218,0,15.777
200,12,,False,0xF92d6f9F9322A08d7548d2be3FFFfa7E9307bfF7,699,0,13.968
200,9,,True,0x995408770BbdF9C720d131bCfa0bE248c90fA29f,23,0,10.048
200,8,,False,0x0Bc69A9CA614967C5D33108DA2C0Afd95130f7ab,478,0,9.806
200,6,,False,0x38cBa880d4427ccC9Db01c3d1E1629eC61458b52,567,0,25.481
200,95,,False,0xe8425CD8D02275245734Aa5D064DD1F2B051fA27,288,0,96.671
200,5,,False,0xF4B9B002569bC5998B1d5a2309EF921d2ca63BDd,940,0,7.336
200,6,,False,0xa09383266c25808Ea3362D5DaE160528bB5Fb130,942,0,7.432
200,6,,False,0xc30C588825d2d3c37cC645CB5f9D5138F2A54A85,424,0,7.336
200,11,,False,0x2c8aC86D2D94fC757C38B3E3895F90aa32E7594D,465,0,12.545
200,12,,False,0x11d0837E47B208389bc698030a678Bc9261f8156,105,0,13.399
200,6,,False,0x727e45e23f8594c57Cf3FE94b94fC6DC8eBD7A92,316,0,7.038
200,12,,False,0xa7eF2a6f2A3eb7A7472DAD889d17dEa48faBca1a,333,0,13.594
200,9,,False,0x1ed7D08B1bc117C8039A09D7469dCD6b7119ec85,353,0,10.862
200,7,,False,0xA2Be70fFcf3281293C1C8Cf71648070736aFEB70,39,0,8.454
200,5,,False,0xC0B54dC53B9A14ad6199dbB75383AcEe7B50414B,642,0,12.006
200,6,,False,0x7F99cBFcC9a6cBf31E66d657377B3C4D260ce4BE,337,0,7.627
200,5,,False,0xa7eF2a6f2A3eb7A7472DAD889d17dEa48faBca1a,272,0,6.702
200,7,,False,0xF4B9B002569bC5998B1d5a2309EF921d2ca63BDd,362,0,8.750
200,8,,False,0xA92D4979eB98ad7361AD95Ad1182a54449C093eB,104,0,13.624
200,13,,False,0x6B44eD6B1692CB06047271f02833671D89f1a4E7,665,0,15.011
200,14,,False,0x763BeD60093Bc3ad989d0E71724B8a30f6629Bf2,416,0,15.321
200,9,,False,0x3A7a82b4A46a2f934834Ca05381528d576A17a70,527,0,10.336
200,7,,False,0x6B44eD6B1692CB06047271f02833671D89f1a4E7,15,0,8.618
200,11,,False,0xB6920469504adDf687AfCe890A39E6EBF76cF88E,531,0,12.424
200,8,,True,0x4939E121036A8AD1643718eFc89097821616931f,264,0,9.944
200,6,,False,0xa7eF2a6f2A3eb7A7472DAD889d17dEa48faBca1a,381,0,23.407
200,6,,False,0xa59ECFb410CCB56f80640CFCfAe5726121Ab2cfa,754,0,8.362
200,11,,False,0x2a44EF6977ec44cB5c6ad5038E54C761723DB5E9,584,0,12.271
200,16,,False,0xe9BfB16581647fc6746A690dC658b56D114822f2,687,0,17.252
200,19,,False,0xc9d8268D9C81BA4cF1DBbA40D6dD31d9d29BFe87,540,0,20.482
200,21,,False,0xc78F8e87EFbf9675147C8824EF1242398372eFCC,805,0,21.893
200,6,,False,0x995408770BbdF9C720d131bCfa0bE248c90fA29f,677,0,7.189
200,9,,False,0x2AA4a29437fF4B945Ac2957FFd6DdB3AF0fEb05b,485,0,11.399
200,20,,False,0x8d1A0bE126b91823D8E5E215116c9351922277f7,479,0,21.226
200,8,,False,0x3539040e9A7AA2F3eb932f8a6523DA9ED746160F,639,0,9.086
200,6,,False,0x88982eB8A9a596fA186A12b47f4F905A2c7516d6,585,0,20.456
200,15,,False,0x81946b335d2Cf70a427E23b92bCcC1ACcDDB118A,518,0,16.016
200,19,,False,0x5d47D10E5aaDa092c97f77a2011d225a54e888dE,691,0,19.822
200,18,,False,0x36599004C3aC0Aa715a49186455E90556EA805cE,537,0,34.102
200,17,,False,0x8d409457EE624A6a1Afb1B789793990026056d7d,937,0,17.732
200,15,,False,0x27Dd09F461d60E509B253B64B9C618ade0B207c2,883,0,16.250
200,19,,False,0xC60A6C8Fe339e01d6E76d91B0650A99bd0eA77F1,430,0,20.295
200,24,,False,0x85ECA10226e8EE3Abb23B282bEBcfD147D3af353,681,0,24.971
200,9,,False,0x6793787989bC3CD4C54f44099Dc75Fb05503EC65,654,0,10.669
200,9,,False,0x9e27Ca8f24DA387fa26EB31284B2cee849f4fDb8,146,0,10.839
200,6,,False,0x711f9Ba03b219CFED557d6c4077c783BdfBEC307,498,0,17.905
200,13,,False,0x0a32D28155a778b375C162F8999D8D0d760896b8,647,0,14.618
200,16,,True,0x36599004C3aC0Aa715a49186455E90556EA805cE,243,0,18.251
200,5,,False,0x49Fc0F0951a6A354226EEdd0Ec69e2b1c69880E3,407,0,13.866
200,17,,False,0x6B44eD6B1692CB06047271f02833671D89f1a4E7,853,0,18.344
200,7,,False,0xf35E98eF2f18881395aAf1Ef3ffB3f31d4b20C25,870,0,17.077
200,6,,False,0x5361cD9F3982091dD2C3e79FAb30707aD081b1AA,275,0,15.006
200,14,,False,0x23E9FBB7579C74D955604A707C648CA3Db02A0c7,742,0,17.234
200,10,,False,0xA92D4979eB98ad7361AD95Ad1182a54449C093eB,286,0,11.148
200,17,,False,0xA540c09f6c140651CA79CFFa797D92DF979aE483,598,0,17.858
200,15,,False,0x3539040e9A7AA2F3eb932f8a6523DA9ED746160F,967,0,16.181
200,6,,False,0x828c0FD3Ed54b03A52e62470aF331e95A50BCf09,818,0,23.521
200,19,,False,0xA903578836c1E60A93BAd29357D9962aBd7aE0E7,812,0,21.920
200,6,,False,0x668803002755A42bB2BBAD8e73c43b3B5a03eC68,820,0,7.437
200,13,,False,0x969F5C531FA570b10b873CE229E1D17C35c80b01,798,0,14.514
200,6,,False,0x2eda3233Edca92d3CC82824DE958CC1cCE3A80f4,376,0,7.207
200,10,,False,0x0faad82B330120b20f18ed21fCD7C5e6865C2088,368,0,11.995
200,11,,False,0x6e2eda1263F3990130d14F0D25bc4b93d5d6D80C,417,0,12.740
200,7,,False,0xd4d6f7C907632F87345652fbbA08446B0cAc034d,782,0,8.408
200,20,,False,0x5d3d41FA5c381DAE4B6Bcdfd09862684aA5Ce3fd,125,0,21.017
200,6,,False,0x2681A1fbf737DE9BE4B8ac0DEDe2f71fB64E2284,661,0,17.914
200,14,,False,0x62aEE2Fd1DE1f438B8c33F5C551d94d6cbD55160,682,0,15.574
200,6,,False,0x2eda3233Edca92d3CC82824DE958CC1cCE3A80f4,880,0,7.371
200,15,,False,0x2b2d95E89Db8d5C9D7a789205F735fffB7738f31,188,0,16.878
200,13,,False,0x5c07a06B115c15b04B988EA559f2FC152b87BE65,426,0,14.726
200,7,,False,0x62aEE2Fd1DE1f438B8c33F5C551d94d6cbD55160,547,0,7.946
200,13,,False,0x9D7C8C9e23D36eC3BFff969f156405253162b9e0,324,0,15.185
200,9,,True,0xc073597a01C3BD226F8723F8E91124b57b11BEc8,136,0,11.040
200,6,,False,0x221D1a7739dA73BA8B191C14399776D9C63E6e8F,485,0,7.991
200,23,,False,0xE49f69335d2600b7983983725650eEc85f260b0E,197,0,24.859
200,12,,False,0xe68Cd859c32799e54800ffa5C5474912A5C23706,407,0,13.393
200,6,,False,0x62aEE2Fd1DE1f438B8c33F5C551d94d6cbD55160,467,0,7.921
200,10,,False,0x763BeD60093Bc3ad989d0E71724B8a30f6629Bf2,689,0,11.136
200,6,,False,0x61315e13CF193804B6c866AeC0205078E4C25a12,904,0,11.771
200,11,,False,0xe8425CD8D02275245734Aa5D064DD1F2B051fA27,323,0,13.680
200,24,,True,0xaFc74D5a37Fc772BA03f377804Ff23eE80c3F0B6,161,0,25.222
200,7,,False,0x034E07D329FcA8aC6b776699af54687288A7fe3E,518,0,8.382
200,8,,False,0x7F37f92080D63E1b76A83FDd5aCa390d46475f17,263,0,9.654
200,9,,False,0x2E3648461e7e88D00d60a2f635D34041487Ae4B0,433,0,15.687
200,9,,False,0x005fc769438eD21e72915650ea3d0Bd0779E1d56,699,0,12.125
200,8,,False,0xe4Ff9366F4FF38f071D95aA48d3DB306E70De577,369,0,12.322
200,7,,False,0xc9d8268D9C81BA4cF1DBbA40D6dD31d9d29BFe87,447,0,8.584
200,11,,False,0xe68Cd859c32799e54800ffa5C5474912A5C23706,22,0,18.978
200,9,,False,0xacc4fa5f6784C35C0da5bCBEa5f8e3fe401F6323,672,0,19.057
200,16,,False,0x2a44EF6977ec44cB5c6ad5038E54C761723DB5E9,226,0,17.314
200,12,,False,0xAc46c6cb0d1d810573C55BcB67a854a313D89d5E,283,0,13.472
200,12,,False,0x631528f50C384c7AeF4ED528554980D850De0283,438,0,15.303
200,17,,False,0xC737C4f48DDAf3A5015F6461cCC3152074B1adDc,990,0,19.314
200,14,,False,0xf0C27952Ff3Fa054AC5C5067bA433eE3851F196D,915,0,15.238
200,16,,False,0xa8c4E2fbBd0417D663e210a6FdD5976F5f906d9C,791,0,16.906
200,22,,False,0xE2694287D484e8aE315B0F637DD87846ff5d7AdB,909,0,23.507
200,16,,False,0x11d0837E47B208389bc698030a678Bc9261f8156,677,0,17.141
200,8,,True,0x61315e13CF193804B6c866AeC0205078E4C25a12,146,0,8.976
200,10,,False,0x074bE6382e1bAD6f8957dEED880345Efc1bDC58C,526,0,11.230
200,7,,False,0x5CBf5c5AcCf319E51A3261361f38b9b09D3A0Cdf,878,0,22.065
200,5,,False,0xa8c4E2fbBd0417D663e210a6FdD5976F5f906d9C,539,0,6.808
200,13,,False,0x1ed7D08B1bc117C8039A09D7469dCD6b7119ec85,478,0,15.062
200,10,,False,0x09fA524FB632b6004cb5b61705D1Ac8346f5C956,393,0,11.173
200,5,,False,0xD1ff571869D0436cC7b43A2a2c156085F4c5Efeb,864,0,6.490
200,6,,False,0x668803002755A42bB2BBAD8e73c43b3B5a03eC68,514,0,11.724
200,14,,False,0x2d463F869E51337B7a301382Cc76B1960D09BAd7,1000,0,15.691
200,13,,False,0x49Fc0F0951a6A354226EEdd0Ec69e2b1c69880E3,349,0,14.330
200,10,,False,0x62aEE2Fd1DE1f438B8c33F5C551d94d6cbD55160,439,0,12.192
200,9,,False,0x9f26D169621c57Db8eC4B7a3B5D9aF4CdF71085F,176,0,10.374
200,9,,False,0x61315e13CF193804B6c866AeC0205078E4C25a12,568,0,10.098
200,8,,False,0xB7953144C083a54D89d9e4eCB7A2A4151D4007E0,189,0,9.610
200,18,,False,0xc30C588825d2d3c37cC645CB5f9D5138F2A54A85,401,0,19.512
200,4,,False,0x2681A1fbf737DE9BE4B8ac0DEDe2f71fB64E2284,988,0,5.793
200,6,,False,0xA2Be70fFcf3281293C1C8Cf71648070736aFEB70,372,0,7.301
200,16,,False,0x09fA524FB632b6004cb5b61705D1Ac8346f5C956,948,0,16.768
200,8,,False,0x4bde32504e100aaF1Db477c3F0AF1C01be0d3003,437,0,24.918
200,10,,False,0x3F80f29E8ee7BD7ab795eaa0ea5834F45d8b4f36,928,0,16.297
200,10,,False,0xA0706EA97613c48c8Ee8A39218259d61Ae5A25c1,86,0,11.857
200,10,,False,0x4e3024d505B55f3da9f0D7B3a7319EDF7CBAdAdc,480,0,10.574
200,18,,False,0x6e2eda1263F3990130d14F0D25bc4b93d5d6D80C,711,0,21.075
200,8,,False,0x5CBf5c5AcCf319E51A3261361f38b9b09D3A0Cdf,641,0,9.952
200,19,,False,0x85ECA10226e8EE3Abb23B282bEBcfD147D3af353,349,0,24.292
200,7,,False,0x3A7a82b4A46a2f934834Ca05381528d576A17a70,116,0,8.480
200,6,,False,0x969F5C531FA570b10b873CE229E1D17C35c80b01,273,0,14.002
200,6,,False,0x9dd7F747E30a7Ab727D5AabeC1205fC6FF74891e,405,0,8.142
200,14,,False,0x85CB40Edf798FBbfC3e1f8fBA9d60D3aDA9edc66,52,0,15.640
200,22,,False,0x86A27669Dc5B6bA6693B7eBf3cF194eB8C1Ba6a1,394,0,24.037
200,6,,False,0x90937Fa99BC935CfA2aDcB3C0dcde37a9a95af00,657,0,8.041
200,6,,False,0x88982eB8A9a596fA186A12b47f4F905A2c7516d6,441,0,15.347
200,12,,False,0x265D84A4A56a37ae42bD3AE43A135660D59CE429,976,0,14.480
200,10,,False,0x55aC7E86FfE135500754bda7778b3749aE34930B,217,0,11.033
200,5,,False,0xB7953144C083a54D89d9e4eCB7A2A4151D4007E0,521,0,6.313
200,13,,False,0x7F99cBFcC9a6cBf31E66d657377B3C4D260ce4BE,747,0,15.330
200,6,,False,0x36599004C3aC0Aa715a49186455E90556EA805cE,367,0,10.345
200,6,,False,0x85ECA10226e8EE3Abb23B282bEBcfD147D3af353,423,0,7.324
200,13,,False,0x5106911D638802a025a43feF48b5836d711BcfDC,783,0,14.324
200,14,,False,0xfa0c2c3a58Dc42E7c1266c6Badd86D7001B6c961,545,0,15.586
200,24,,False,0x2C633fcDe1FC84a3cab453082dd753A56206d5a5,387,0,25.404
200,15,,False,0x221D1a7739dA73BA8B191C14399776D9C63E6e8F,723,0,17.527
200,7,,False,0xF0d558cD42EB081556a20bB9C95157de4966DbEe,838,0,8.476
200,10,,False,0xA0D16Db45A3E299D305623eB5499B19F75Fd2E79,892,0,10.887
200,6,,False,0x724d89D8ad84494De12a74615cd5bFFEf3eA18aA,43,0,7.773
200,6,,False,0x4a28FD82865D1625ce719BbE1501981DBEb8775F,617,0,7.301
200,15,,False,0x9dd7F747E30a7Ab727D5AabeC1205fC6FF74891e,62,0,16.327
200,26,,False,0x9f26D169621c57Db8eC4B7a3B5D9aF4CdF71085F,237,0,27.807
200,22,,False,0x88982eB8A9a596fA186A12b47f4F905A2c7516d6,468,0,23.970
200,6,,False,0x2E3A06358fFBF425bdBFB9D46d36F4C62cB2C752,591,0,7.797
200,5,,False,0x808e36854e0010681FFdE8f615E4a0967A544c06,784,0,12.967
200,11,,False,0xF4B9B002569bC5998B1d5a2309EF921d2ca63BDd,686,0,12.668
200,7,,False,0x2E3A06358fFBF425bdBFB9D46d36F4C62cB2C752,180,0,15.617
200,9,,True,0xc073597a01C3BD226F8723F8E91124b57b11BEc8,39,0,23.957
200,23,,False,0xCe261d45B20f7c1ACaE3eAf693D957b5D99D42BD,16,0,24.337
200,15,,False,0xa7eF2a6f2A3eb7A7472DAD889d17dEa48faBca1a,87,0,17.534
200,7,,False,0x11d0837E47B208389bc698030a678Bc9261f8156,951,0,7.916
200,7,,False,0x904b7a5cb6e3AAb09C26C16DF2E979FE130D0889,171,0,8.244
200,7,,False,0x6793787989bC3CD4C54f44099Dc75Fb05503EC65,368,0,14.037
200,9,,False,0xF0d558cD42EB081556a20bB9C95157de4966DbEe,629,0,10.487
200,13,,False,0x2C633fcDe1FC84a3cab453082dd753A56206d5a5,265,0,16.537
200,6,,False,0x36599004C3aC0Aa715a49186455E90556EA805cE,689,0,6.982
200,11,,False,0x0D7022eA8E23540fb4DCD302f796E37E70C4ee18,837,0,11.899
200,5,,False,0xe29a4A0F7cc642F4654E70D8217eDDD2237e5b7f,921,0,6.585
200,8,,False,0xe4f7B57F3C40B6c829FCf662110800Fe4aBafb37,721,0,10.451
200,6,,True,0x995408770BbdF9C720d131bCfa0bE248c90fA29f,261,0,7.338
200,9,,True,0x969F5C531FA570b10b873CE229E1D17C35c80b01,187,0,11.114
200,7,,False,0x85ECA10226e8EE3Abb23B282bEBcfD147D3af353,983,0,8.243
200,12,,False,0x7693A9f87027932864A045F6Ed756AA65fdeEc1c,951,0,12.695
200,7,,True,0xce923F1c1B6DE1A03f42cC378185B0BCCD65256e,168,0,14.826
200,15,,False,0x727e45e23f8594c57Cf3FE94b94fC6DC8eBD7A92,359,0,15.931
200,15,,False,0x904b7a5cb6e3AAb09C26C16DF2E979FE130D0889,468,0,16.625
200,15,,False,0x6e2eda1263F3990130d14F0D25bc4b93d5d6D80C,90,0,16.691
200,8,,False,0xf35E98eF2f18881395aAf1Ef3ffB3f31d4b20C25,130,0,9.467
200,12,,False,0x99F976CEeE5D5d44F2838f3c8d7c188f183c11E8,959,0,16.455
200,14,,False,0x106A9Ba6bde37edc0BadcA9D48C8F8dF69524AD3,598,0,16.094
200,6,,False,0x727e45e23f8594c57Cf3FE94b94fC6DC8eBD7A92,967,0,17.311
200,18,,False,0x0faad82B330120b20f18ed21fCD7C5e6865C2088,230,0,20.107
200,36,,False,0xA92D4979eB98ad7361AD95Ad1182a54449C093eB,81,0,37.891
200,15,,False,0xA2Be70fFcf3281293C1C8Cf71648070736aFEB70,471,0,16.618
200,15,,False,0x5CBf5c5AcCf319E51A3261361f38b9b09D3A0Cdf,741,0,16.168
200,6,,False,0xACeC85e12d17bE03cf4d9ac50Db46392aC26A13A,748,0,10.080
200,12,,False,0x61315e13CF193804B6c866AeC0205078E4C25a12,369,0,13.293
200,12,,False,0x23E9FBB7579C74D955604A707C648CA3Db02A0c7,658,0,20.915
200,7,,False,0x1a03927dCE7C5BDefcc351BCF06A554ABCDf2862,473,0,8.834
200,7,,False,0x2eda3233Edca92d3CC82824DE958CC1cCE3A80f4,561,0,7.755
200,7,,False,0x62198F0616394D6E59Acc14b43bbe6ABF2f67db8,399,0,8.195
200,6,,False,0x7036A61a0c4486ca1acA322940DFE746a02EdBF7,994,0,13.621
200,6,,True,0xe9BfB16581647fc6746A690dC658b56D114822f2,118,0,7.195
200,6,,False,0x4Bb9AC8aB8c9D213B9d89538B10C1016f8e66773,891,0,22.109
200,8,,False,0x5c07a06B115c15b04B988EA559f2FC152b87BE65,901,0,17.329
200,6,,False,0x5a73100273e2F91b8379DcaEe7505e5294ECd09E,872,0,14.893
200,16,,False,0xFc3a53f3055e68a2D5fE4aF7E5B5cF92e63F17e7,692,0,17.675
200,13,,False,0xDce410211947791510C6ABE09E20663d9934397A,590,0,14.784
200,14,,False,0x005fc769438eD21e72915650ea3d0Bd0779E1d56,251,0,16.049
200,13,,True,0x995408770BbdF9C720d131bCfa0bE248c90fA29f,121,0,14.789
200,13,,False,0x9e27Ca8f24DA387fa26EB31284B2cee849f4fDb8,580,0,14.545
200,14,,False,0x9dd7F747E30a7Ab727D5AabeC1205fC6FF74891e,846,0,15.547
200,19,,True,0x85f013a2fE4D618643C6918f0dA731aA62b93420,44,0,20.589
200,17,,False,0x0a32D28155a778b375C162F8999D8D0d760896b8,163,0,28.219
200,13,,False,0x668803002755A42bB2BBAD8e73c43b3B5a03eC68,584,0,14.554
200,14,,False,0x9dd7F747E30a7Ab727D5AabeC1205fC6FF74891e,917,0,15.547
200,6,,False,0x3539040e9A7AA2F3eb932f8a6523DA9ED746160F,610,0,15.247
200,10,,False,0x221D1a7739dA73BA8B191C14399776D9C63E6e8F,223,0,15.907
200,9,,False,0x7e44eb68D57cA35191576B6498CAC17b47001a2b,158,0,10.612
200,9,,False,0x3F80f29E8ee7BD7ab795eaa0ea5834F45d8b4f36,590,0,10.857
200,9,,False,0xCe261d45B20f7c1ACaE3eAf693D957b5D99D42BD,265,0,9.741
200,5,,False,0x5CBf5c5AcCf319E51A3261361f38b9b09D3A0Cdf,932,0,6.420
200,21,,False,0xF4B9B002569bC5998B1d5a2309EF921d2ca63BDd,28,0,22.701
200,11,,True,0xA903578836c1E60A93BAd29357D9962aBd7aE0E7,197,0,13.090
200,24,,False,0x23E9FBB7579C74D955604A707C648CA3Db02A0c7,127,0,25.810
200,5,,False,0xA540c09f6c140651CA79CFFa797D92DF979aE483,405,0,7.091
200,13,,False,0xf0C27952Ff3Fa054AC5C5067bA433eE3851F196D,573,0,14.496
200,8,,False,0x9dd7F747E30a7Ab727D5AabeC1205fC6FF74891e,52,0,8.631
200,7,,False,0x4939E121036A8AD1643718eFc89097821616931f,865,0,7.949
200,6,,False,0x33733bc2AFfA696339eACE63a29db0850Bae08C6,865,0,10.484
200,5,,False,0xDce410211947791510C6ABE09E20663d9934397A,766,0,6.745
200,14,,False,0xD74Bb4A9C118bf6bC73Be08B90542dAab12c5FAe,496,0,15.842
200,12,,False,0x0Bc69A9CA614967C5D33108DA2C0Afd95130f7ab,306,0,13.588
200,15,,False,0x808e36854e0010681FFdE8f615E4a0967A544c06,210,0,17.429
200,13,,False,0xA07ddA082a145D371fc7C88A2cBF3594FcBb51e0,750,0,14.716
200,6,,False,0xa7eF2a6f2A3eb7A7472DAD889d17dEa48faBca1a,583,0,8.607
200,14,,False,0x36599004C3aC0Aa715a49186455E90556EA805cE,860,0,15.357
200,6,,False,0x36599004C3aC0Aa715a49186455E90556EA805cE,550,0,7.935
200,10,,False,0x0Bc69A9CA614967C5D33108DA2C0Afd95130f7ab,765,0,11.813
200,9,,False,0x4e3024d505B55f3da9f0D7B3a7319EDF7CBAdAdc,829,0,10.367
200,15,,False,0xB6920469504adDf687AfCe890A39E6EBF76cF88E,589,0,16.454
200,12,,False,0xB7953144C083a54D89d9e4eCB7A2A4151D4007E0,573,0,13.954
200,17,,False,0x6e2eda1263F3990130d14F0D25bc4b93d5d6D80C,126,0,18.434
200,7,,False,0x711f9Ba03b219CFED557d6c4077c783BdfBEC307,612,0,16.620
200,12,,False,0x727e45e23f8594c57Cf3FE94b94fC6DC8eBD7A92,590,0,13.517
200,9,,False,0x8818DFB61c2A02e64c74DC651D2b8a152A170140,185,0,10.625
200,20,,False,0x97e7867Ce5d3E2726b779578c7097DBB50CbDB95,143,0,21.251
200,14,,False,0xfC435D0E00Ae6D11E5Bb3A9cd461B915Edc17F59,127,0,15.690
200,7,,False,0xa59ECFb410CCB56f80640CFCfAe5726121Ab2cfa,615,0,7.926
200,11,,False,0x4Bb9AC8aB8c9D213B9d89538B10C1016f8e66773,736,0,12.622
200,6,,True,0x83e68Cac649872ca6135aDfEF9A944bbF908ef66,9,0,13.857
200,8,,True,0x814742D6773D55c02177ca64238a124D39d8CAd0,204,0,10.031
200,9,,False,0x221D1a7739dA73BA8B191C14399776D9C63E6e8F,549,0,11.329
200,10,,False,0xe29a4A0F7cc642F4654E70D8217eDDD2237e5b7f,751,0,11.842
200,6,,False,0x88982eB8A9a596fA186A12b47f4F905A2c7516d6,334,0,14.123
200,7,,False,0x5dBb83D0d96c168133412CC6e93a25a61Bfb8599,345,0,16.433
200,7,,False,0x9D7C8C9e23D36eC3BFff969f156405253162b9e0,488,0,15.477
200,15,,False,0x90028B286fD1D933A9D4663B944477413d781ad9,595,0,16.158
200,15,,False,0xfC435D0E00Ae6D11E5Bb3A9cd461B915Edc17F59,911,0,15.635
